Scheme_Code,Scheme_Name,Fund_House,Scheme_Type,Scheme_Category,Expense,AUM,MoneyControl_Link,CrisilRank,FundManagers,Age,3M Ret,1Y Ret,3Y Ret,5Y Ret,Ret Inception,Sharpe Ratio,Sortino Ratio,Info Ratio,Beta,Alpha,R-Squared,Pos_Year%,Year,Inception_Date,Volatility,Rel_MaxDD,Roll_Ret_1Y,Roll_Ret_3Y,Roll_Ret_Inception,Prob_10Pct,NumStocks,Top5_Pct,Top10_Pct,Top3_Sector,Equity_Holding,F&O_Holding,Foreign_Holding,NumDebts,Modified_Duration,YTM,GT_1PCT,GT_3PCT,GT_5PCT,LT_NEG_1PCT,LT_NEG_3PCT,LT_NEG_5PCT,POS_PCT,GT_NIFTY_UP,GT_NIFTY_DOWN,NIFTY_CORR,PCT_GT_NIFTY
100033,Aditya Birla Sun Life Equity Advantage Fund,Aditya Birla,Equity,Large & Mid Cap,1.72%,4805.36,https://www.moneycontrol.com/mutual-funds/aditya-birla-sun-life-equity-advantage-fund/portfolio-overview/MBS022,1 Star,Dhaval Joshi|Atul Penkar,17.07,-0.96,-8.13,22.03,6.48,10.15,0.93,1.27,-0.01,0.93,0.0,0.83,72.22,2006,2006-04-03,17.08,1.6269129942806255,-6.45,17.02,13.93,0.5711122460039608,62,28.73%,43.07%,38.3%,99.19,0.00,0.00,0,0.0,0.0,12.19,0.62,0.0,15.94,0.94,0.31,49.38,42.68,47.85,0.9288574247192178,45.31
100081,DSP Equity & Bond Fund,DSP,Hybrid,Aggressive Hybrid,1.8%,7186.96,https://www.moneycontrol.com/mutual-funds/dsp-equity-bond-fund-regular-plan/portfolio-overview/MDS005,2 Stars,Vikram Chopra|Atul Bhole|Dhaval Gada,17.07,0.89,2.41,18.48,9.38,12.06,1.02,1.39,-0.05,0.66,0.02,0.86,72.22,2006,2006-04-03,11.99,1.0384100068082578,-0.41,14.73,13.77,0.602706611810198,54,23.26%,33.35%,27.59%,74.04,0.00,0.00,42,2.17,7.50,7.81,0.0,0.0,6.88,0.31,0.0,49.69,18.47,77.91,0.9321443266178098,48.75
100119,HDFC Balanced Advantage Fund,HDFC,Hybrid,Balanced Advantage,1.5%,52079.29,https://www.moneycontrol.com/mutual-funds/hdfc-balanced-advantage-fund/portfolio-overview/MHD001,4 Stars,Srinivasan Ramamurty|Priya Ranjan|Nirman Morakhia|Anil Bamboli|Gopal Agrawal|Arun Agarwal,17.07,0.18,11.44,27.79,12.18,13.11,1.5,2.11,0.02,0.69,0.1,0.75,83.33,2006,2006-04-03,13.42,0.6574686530173525,14.72,19.07,15.51,0.6138006962680209,123,21.03%,35.59%,22.53%,66.99,0.00,0.00,56,2.54,0.08,4.69,0.0,0.0,5.31,0.31,0.0,55.31,26.75,83.44,0.9023972132332636,55.62
100175,Quant Tax Plan,Quant,Equity,ELSS,2.25%,3198.18,https://www.moneycontrol.com/mutual-funds/quant-tax-plan/portfolio-overview/MES003,5 Stars,Anikt Pande|Vasav Sahgal,17.07,-6.91,-2.29,43.72,19.98,10.99,1.74,2.41,0.07,0.83,0.19,0.54,72.22,2006,2006-04-03,19.01,1.0903004835540648,13.0,40.61,14.21,0.5821869360919589,37,39.24%,62.07%,30.57%,97.43,0.00,0.00,0,0.0,0.0,16.56,1.25,0.0,15.31,2.81,0.31,55.62,59.24,55.83,0.8563048020475394,57.5
100177,Quant Small Cap,Quant,Equity,Small Cap,2.25%,3578.84,https://www.moneycontrol.com/mutual-funds/quant-small-cap-fund-regular-plan/portfolio-overview/MES011,5 Stars,Anikt Pande|Vasav Sahgal|Sanjeev Sharma,17.07,-1.61,2.89,62.28,22.95,11.39,2.13,3.05,0.11,0.82,0.33,0.41,72.22,2006,2006-04-03,21.55,1.4893777526725869,10.47,52.41,12.36,0.5701590178864482,71,27.1%,44.31%,25.56%,96.45,0.00,0.00,0,0.0,0.0,18.12,1.25,0.0,16.88,3.12,0.94,57.19,51.59,57.67,0.7499482754690382,54.69
100349,ICICI Prudential Large and Mid Cap Fund,ICICI Prudential,Equity,Large & Mid Cap,1.85%,7246.58,https://www.moneycontrol.com/mutual-funds/icici-prudential-large-mid-cap-fund/portfolio-overview/MPI003,5 Stars,Sharmila D’mello|Ihab Dalwai,17.07,-2.37,6.69,32.01,12.27,12.38,1.46,2.02,0.06,0.88,0.09,0.81,77.78,2006,2006-04-02,16.35,0.8175833468776308,12.96,23.92,15.23,0.6008299248174105,77,23.23%,38.93%,31.03%,95.99,0.00,0.00,3,0.05,0.07,12.19,0.0,0.0,10.0,0.62,0.0,53.12,39.49,69.33,0.9502453771055146,54.69
100352,ICICI Prudential FMCG Fund,ICICI Prudential,Equity,Sectorial-Infrastructure,2.27%,1186.06,https://www.moneycontrol.com/mutual-funds/icici-prudential-fmcg-fund/portfolio-overview/MPI004,Not Rated,Sharmila D’mello|Priyanka Khandelwal,17.07,4.48,17.93,22.21,11.81,14.88,1.22,1.74,-0.01,0.52,0.09,0.48,94.44,2006,2006-04-02,12.66,0.6859686052033657,19.26,17.31,17.33,0.6711779165043639,24,62.06%,75.1%,73.2%,89.24,0.00,4.35,2,0.04,0.07,9.06,0.0,0.0,5.0,0.0,0.0,52.19,25.48,78.53,0.7282117504442205,52.5
100354,ICICI Prudential Long Term Equity Fund,ICICI Prudential,Equity,ELSS,1.81%,9835.36,https://www.moneycontrol.com/mutual-funds/icici-prudential-long-term-equity-fund-tax-saving-/portfolio-overview/MPI007,3 Stars,Harish Bihani|Sharmila D’mello,17.07,-3.61,0.35,25.44,10.18,11.84,1.18,1.64,0.02,0.9,0.04,0.91,83.33,2006,2006-04-02,15.79,1.0270164695731328,4.5,19.37,14.99,0.6034762787784784,50,29.58%,49.62%,36.03%,96.73,0.00,0.00,0,0.0,0.0,13.44,0.0,0.0,11.88,0.62,0.0,52.19,38.22,60.74,0.9652932140666358,49.69
100356,ICICI Prudential Equity & Debt Fund,ICICI Prudential,Hybrid,Aggressive Hybrid,1.73%,21435.78,https://www.moneycontrol.com/mutual-funds/icici-prudential-equity-debt-fund/portfolio-overview/MPI011,5 Stars,Sri Sharma|Sharmila D’mello|Sankaran Naren|Manish Banthia|Mittul Kalawadia|Nikhil Kabra,17.07,-0.66,5.43,28.85,13.56,13.16,1.59,2.26,0.03,0.68,0.11,0.74,77.78,2006,2006-04-02,13.17,0.636612928495247,13.36,22.55,14.94,0.6271671807019477,76,32.23%,48.28%,27.93%,75.18,0.00,0.00,31,1.55,0.08,6.88,0.0,0.0,5.62,0.31,0.0,52.81,24.84,78.53,0.9071152812792729,52.19
100363,ICICI Prudential Technology Fund,ICICI Prudential,Equity,Sectorial-Technology,1.8%,10093.61,https://www.moneycontrol.com/mutual-funds/icici-prudential-technology-fund/portfolio-overview/MPI015,3 Stars,Vaibhav Dusad|Sharmila D’mello,17.07,-9.61,-14.77,38.38,18.29,15.62,1.49,2.19,0.05,0.8,0.17,0.46,72.22,2006,2006-04-02,19.71,1.7133443413623457,-6.71,36.67,19.3,0.6700794325253037,51,69.4%,79.33%,83.8%,93.10,0.00,3.46,2,0.04,0.07,17.5,0.62,0.0,21.56,2.5,0.0,47.81,42.68,47.24,0.7781454458486832,45.0
100377,Nippon India Growth Fund,Nippon India,Equity,Mid Cap,1.69%,13420.4,https://www.moneycontrol.com/mutual-funds/nippon-india-growth-fund-retail-plan/portfolio-overview/MRC008,4 Stars,Kinjal Desai|Tejas Sheth|Rupesh Patel|Sanjay Doshi|Dhrumil Shah|Akshay Sharma,17.07,-0.63,4.91,33.66,13.22,14.2,1.5,2.04,0.05,0.82,0.12,0.67,72.22,2006,2006-04-03,16.8,1.0795976259038544,9.47,26.71,17.15,0.6390416942875765,87,14.91%,26.17%,17.79%,96.47,0.00,0.00,0,0.0,0.0,13.44,0.31,0.0,13.44,1.25,0.0,56.88,45.22,58.9,0.8469640644476745,52.19
100380,Nippon India Vision Fund,Nippon India,Equity,Large & Mid Cap,2.08%,3022.58,https://www.moneycontrol.com/mutual-funds/nippon-india-vision-fund/portfolio-overview/MRC001,3 Stars,Kinjal Desai|Amar Kalkundrikar|Aishwarya Deepak Agarwal|Akshay Sharma,17.07,-0.76,2.76,27.39,8.64,10.4,1.23,1.7,0.03,0.93,0.05,0.9,72.22,2006,2006-04-03,16.41,1.1218746205854178,5.29,19.74,13.34,0.5629465366439017,69,23.38%,34.91%,28.57%,97.54,0.00,0.00,0,0.0,0.0,13.12,0.31,0.0,14.06,0.94,0.0,53.12,45.22,58.28,0.946456070929714,51.88
100414,Tata Hybrid Equity Fund,Tata,Hybrid,Aggressive Hybrid,1.97%,3155.55,https://www.moneycontrol.com/mutual-funds/tata-hybrid-equity-fund-regular-plan/portfolio-overview/MTA001,3 Stars,Satish Chandra Mishra|Murthy Nagarajan|Chandraprakash Padiyar,17.07,-1.88,7.01,21.09,8.81,12.35,1.16,1.63,-0.03,0.72,0.04,0.95,77.78,2006,2006-04-03,12.46,0.7216585254795403,6.82,15.34,14.37,0.6117052336033586,34,31.12%,48.88%,30.62%,75.97,0.00,0.00,36,2.49,7.88,7.81,0.0,0.0,7.81,0.31,0.0,49.06,20.38,88.34,0.9764519747716697,55.0
100415,Tata Ethical Fund,Tata,Equity,Thematic,2.13%,1526.43,https://www.moneycontrol.com/mutual-funds/tata-ethical-fund/portfolio-overview/MTA010,3 Stars,Abhinav Sharma,17.07,-1.41,-1.5,24.04,10.7,11.57,1.21,1.67,-0.0,0.68,0.07,0.65,66.67,2006,2006-04-03,14.21,1.1120884736015915,3.38,22.65,14.47,0.5946603724829448,55,27.45%,40.43%,41.46%,96.65,0.00,0.00,0,0.0,0.0,10.31,0.0,0.0,12.19,0.62,0.0,53.44,29.94,63.8,0.8728036142840766,47.19
100471,Franklin INDIA Bluechip Fund,Franklin ,Equity,Large Cap,1.87%,6187.07,https://www.moneycontrol.com/mutual-funds/franklin-india-bluechip-fund/portfolio-overview/MKP001,2 Stars,Sandeep Manam|Anand Radhakrishnan|R. Janakiraman|Venkatesh Sanjeevi,17.07,-2.52,1.18,23.66,8.69,11.29,0.99,1.38,0.0,0.97,0.01,0.87,72.22,2006,2006-04-03,17.5,1.0863292511277574,0.54,17.91,14.11,0.5813691357288371,45,36.21%,52.52%,41.01%,96.22,0.00,1.48,0,0.0,0.0,13.44,0.0,0.0,11.88,0.62,0.0,51.56,31.85,59.51,0.9715035612867129,45.94
100473,Franklin India Prima Fund,Franklin ,Equity,Mid Cap,1.85%,7298.07,https://www.moneycontrol.com/mutual-funds/franklin-india-prima-fund-regular-plan/portfolio-overview/MKP002,2 Stars,Sandeep Manam|Akhil Kalluri|R. Janakiraman,17.07,-0.67,4.1,26.93,8.65,12.81,1.19,1.62,0.02,0.85,0.06,0.71,77.78,2006,2006-04-03,16.79,1.4096522492825458,2.73,19.26,16.04,0.6237728005314321,68,15.54%,28.05%,24.78%,97.33,0.00,0.00,0,0.0,0.0,14.06,0.31,0.0,12.5,1.25,0.0,56.25,42.68,60.12,0.8654642035859905,51.56
100475,Tata Large & Mid Cap,Tata,Equity,Large & Mid Cap,1.93%,3797.54,https://www.moneycontrol.com/mutual-funds/tata-large-mid-cap-fund-regular-plan/portfolio-overview/MTA043,4 Stars,Meeta Shetty|Chandraprakash Padiyar,17.07,-2.18,2.78,24.63,9.81,11.23,1.1,1.54,0.01,0.95,0.02,0.96,77.78,2006,2006-04-03,16.3,1.0233672020242623,4.28,17.62,14.22,0.582902886444589,44,28.41%,45.08%,29.91%,93.59,0.00,0.00,0,0.0,0.0,12.5,0.0,0.0,12.19,0.62,0.0,49.69,37.58,64.42,0.9821830885072994,51.25
100526,Franklin India Taxshield,Franklin ,Equity,ELSS,1.89%,4601.67,https://www.moneycontrol.com/mutual-funds/franklin-india-tax-shield/portfolio-overview/MKP007,4 Stars,Anand Radhakrishnan|R. Janakiraman,17.07,-2.93,3.6,28.56,9.83,12.54,1.25,1.73,0.04,0.95,0.05,0.88,77.78,2006,2006-04-03,17.0,1.0803104247892497,6.41,19.57,15.78,0.6164835965963211,52,34.21%,51.29%,41.5%,96.30,0.00,0.00,0,0.0,0.0,13.44,0.0,0.0,12.5,0.62,0.31,52.81,41.4,57.67,0.957677995997974,49.69
100550,Franklin India Equity Hybrid Fund,Franklin ,Hybrid,Aggressive Hybrid,2.21%,1355.57,https://www.moneycontrol.com/mutual-funds/franklin-india-equity-hybrid-fund/portfolio-overview/MKP027,4 Stars,Rajasa Kakulavarapu|Mayank Bukrediwala|Anand Radhakrishnan,17.07,-2.09,4.11,20.86,9.37,11.58,1.17,1.61,-0.03,0.68,0.04,0.87,77.78,2006,2006-04-03,12.23,0.8109595862826998,3.78,15.46,13.13,0.5865690950381789,100,27.87%,46.52%,55.48%,140.18,0.00,1.41,22,2.08,7.45,6.88,0.0,0.0,7.5,0.31,0.0,51.88,17.83,84.66,0.9569908939860421,51.88
100631,Quant Active,Quant,Equity,Multi Cap,2.25%,3687.61,https://www.moneycontrol.com/mutual-funds/quant-active-fund/portfolio-overview/MES005,5 Stars,Anikt Pande|Vasav Sahgal|Sanjeev Sharma,17.07,-6.3,-2.55,40.11,18.55,13.25,1.63,2.24,0.06,0.81,0.17,0.52,66.67,2006,2006-04-03,18.67,1.2146179240173183,10.34,37.15,16.82,0.6314873354610969,55,30.74%,46.54%,28.79%,98.93,0.00,0.00,0,0.0,0.0,15.0,1.56,0.0,15.62,3.12,0.31,56.88,50.96,56.44,0.8263741169025038,53.75
100651,UTI Mastershare,UTI,Equity,Large Cap,1.71%,10262.67,https://www.moneycontrol.com/mutual-funds/uti-mastershare-unit-scheme-regular-plan-/portfolio-overview/MUT051,3 Stars,Karthikraj Lakshmanan,17.07,-3.31,-1.38,22.39,9.81,11.2,1.01,1.4,-0.02,0.92,0.0,0.95,77.78,2006,2006-04-03,15.87,1.1327751265164565,2.11,18.62,14.31,0.588355236454697,52,34.12%,51.8%,43.93%,96.71,0.00,0.00,2,0.00,-,11.56,0.0,0.0,12.19,0.62,0.0,49.69,33.76,58.9,0.9803448242000672,46.56
100669,UTI Flexi CAP Fund,UTI,Equity,Flexi Cap,1.6%,23550.85,https://www.moneycontrol.com/mutual-funds/uti-flexi-cap-fund-regular-plan/portfolio-overview/MUT009,2 Stars,Ajay Tyagi,17.07,-2.46,-8.09,22.11,10.16,12.25,1.0,1.37,-0.01,0.85,0.02,0.82,77.78,2006,2006-04-03,15.84,1.5050040997008476,-5.6,19.95,15.8,0.6252154092331557,61,27.19%,43.97%,36.64%,95.60,0.00,0.00,1,0.00,-,12.5,0.0,0.0,14.38,0.94,0.0,49.38,33.12,57.67,0.9166480020861765,45.62
101065,Quant Mid Cap Fund,Quant,Equity,Mid Cap,2.25%,1665.5,https://www.moneycontrol.com/mutual-funds/quant-mid-cap-fund/portfolio-overview/MES013,5 Stars,Anikt Pande|Vasav Sahgal|Sanjeev Sharma,17.07,-5.02,1.65,38.42,17.69,10.26,1.57,2.19,0.05,0.77,0.17,0.48,61.11,2006,2006-04-03,18.53,1.0945192098376844,16.51,37.18,12.31,0.5640764981862789,30,32.91%,55.21%,29.17%,98.17,0.00,0.00,0,0.0,0.0,18.44,0.94,0.0,16.56,2.5,0.31,55.62,52.23,54.6,0.8018345719403447,53.44
101070,Quant Absoute,Quant,Hybrid,Aggressive Hybrid,2.25%,1073.76,https://www.moneycontrol.com/mutual-funds/quant-absolute-fund/portfolio-overview/MES006,5 Stars,Anikt Pande|Vasav Sahgal|Sanjeev Sharma,17.07,-5.73,1.37,35.13,17.61,12.11,1.79,2.53,0.04,0.62,0.17,0.52,77.78,2006,2006-04-03,14.47,0.7270160015219735,12.61,31.35,14.49,0.6081305415072016,21,38.85%,57.52%,29.29%,74.20,0.00,0.00,6,0.00,-,10.0,0.0,0.0,11.88,0.94,0.0,54.06,40.76,66.87,0.873668098984866,54.06
101144,ICICI Prudential Multi,ICICI Prudential,Hybrid,Multi Asset Allocation,1.73%,17044.38,https://www.moneycontrol.com/mutual-funds/icici-prudential-multi-asset-fund/portfolio-overview/MPI038,Not Rated,Sri Sharma|Gaurav Chikane|Sharmila D’mello|Sankaran Naren|Anuj Tagra|Ihab Dalwai|Priyanka Khandelwal,17.07,0.36,8.9,28.48,13.3,13.98,1.69,2.42,0.02,0.6,0.13,0.69,77.78,2006,2006-04-02,12.09,0.6032365022251401,15.7,21.88,15.85,0.6335637171574722,65,26.87%,41.15%,25.97%,68.81,0.00,0.00,18,0.40,0.07,4.38,0.0,0.0,3.44,0.0,0.0,55.0,22.93,85.89,0.8683717873639909,55.0
101161,Nippon India Multi Cap Fund,Nippon India,Equity,Multi Cap,1.75%,14341.99,https://www.moneycontrol.com/mutual-funds/nippon-india-multi-cap-fund-retail-plan/portfolio-overview/MRC089,4 Stars,Kinjal Desai|Ashutosh Bhargava|Sailesh Raj Bhan|Akshay Sharma,17.07,-0.3,9.66,34.84,11.92,13.9,1.47,2.03,0.07,0.95,0.1,0.79,72.22,2006,2006-04-03,17.94,0.9215336916343647,16.34,22.91,16.87,0.6312334526716342,95,20.29%,34.76%,26.04%,97.92,0.00,0.00,0,0.0,0.0,14.38,0.31,0.0,11.88,0.94,0.31,55.31,47.13,62.58,0.916319277132784,55.0
101228,ICICI Prudential Multi Cap Fund,ICICI Prudential,Equity,Multi Cap,1.86%,6963.42,https://www.moneycontrol.com/mutual-funds/icici-prudential-multicap-fund/portfolio-overview/MPI028,3 Stars,Anand Sharma|Sharmila D’mello|Sankaran Naren,17.07,-1.22,4.32,27.7,10.57,11.95,1.27,1.75,0.03,0.88,0.06,0.84,83.33,2006,2006-04-02,16.1,1.0163465336969038,6.46,19.35,14.67,0.5909732543727518,95,19.57%,29.96%,26.35%,95.47,0.00,0.00,2,0.02,0.07,10.62,0.31,0.0,9.69,0.62,0.0,54.06,37.58,67.48,0.9296933706163809,52.81
101349,ICICI Prudential Nifty 50 Index Fund,ICICI Prudential,Index,Nifty 50,0.34%,4176.69,https://www.moneycontrol.com/mutual-funds/icici-prudential-nifty-index-fund/portfolio-overview/MPI031,Not Rated,Nishit Patel|Kayzad Eghlim,17.07,-2.74,3.38,25.0,11.25,11.01,1.1,1.54,0.09,1.0,0.01,1.0,77.78,2006,2006-04-02,16.73,0.9684369182158716,5.7,18.79,14.13,0.573497202079902,50,40.6%,59.2%,49.55%,99.98,0.00,0.00,0,0.0,0.0,14.06,0.0,0.0,13.44,0.31,0.0,49.38,19.11,35.58,0.9998704832200278,27.5
101525,HDFC Index Fund-NIFTY 50 Plan,HDFC,Index,Nifty 50,0.4%,7825.32,https://www.moneycontrol.com/mutual-funds/hdfc-index-fund-nifty-50-plan/portfolio-overview/MHD019,3 Stars,Nirman Morakhia|Arun Agarwal,17.07,-2.73,3.39,25.18,11.4,9.85,1.1,1.56,0.11,1.0,0.01,1.0,77.78,2006,2006-04-03,16.74,0.9684795454642584,5.7,18.85,12.84,0.5520869984741226,50,40.71%,59.36%,49.68%,100.22,0.00,0.00,0,0.0,0.0,14.06,0.31,0.0,13.44,0.31,0.0,49.06,17.83,32.52,0.9998746207226308,25.31
101592,Aditya Birla Sun Life MIDCAP Fund,Aditya Birla,Equity,Mid Cap,1.82%,3377.67,https://www.moneycontrol.com/mutual-funds/aditya-birla-sun-life-midcap-fund/portfolio-overview/MBS027,2 Stars,Anil Shah,17.07,0.24,-4.16,29.78,6.89,11.73,1.35,1.83,0.03,0.79,0.1,0.64,61.11,2006,2006-04-03,16.45,1.1370456057527738,4.11,21.69,14.91,0.5982165470196359,79,17.22%,30.24%,20.29%,97.30,0.00,0.00,0,0.0,0.0,13.12,0.31,0.0,13.12,1.25,0.0,54.38,40.13,59.51,0.8357206893731164,50.0
101635,DSP Top 100 Equity Fund,DSP,Equity,Large Cap,2.06%,2598.1,https://www.moneycontrol.com/mutual-funds/dsp-top-100-equity-fund-regular-plan/portfolio-overview/MDS018,Not Rated,Abhishek Singh|Jay Kothari,17.07,-1.91,6.26,20.95,7.55,11.26,0.95,1.31,-0.03,0.88,-0.0,0.9,72.22,2006,2006-04-03,15.6,1.1142858209900721,1.49,13.99,13.9,0.5762865584645234,32,33.93%,53.18%,45.51%,95.66,0.00,0.00,0,0.0,0.0,13.12,0.0,0.0,12.19,0.31,0.0,50.31,36.94,61.35,0.9553377610423898,49.38
101672,Tata Equity P/E Fund,Tata,Equity,Value,1.89%,5128.22,https://www.moneycontrol.com/mutual-funds/tata-equity-p-e-fund-regular-plan/portfolio-overview/MTA125,2 Stars,Amey Sathe|Sonam Udasi,17.07,-0.7,6.9,24.91,8.22,14.08,1.17,1.63,0.01,0.87,0.04,0.9,77.78,2006,2006-04-03,15.38,0.9319421780340285,7.84,18.15,17.19,0.6387283263259026,36,35.29%,55.2%,37.79%,95.62,0.00,0.00,0,0.0,0.0,11.25,0.0,0.0,12.5,0.31,0.0,52.81,39.49,61.35,0.9480457274495463,50.62
101738,Aditya Birla Sun Life Dividend Yield Fund,Aditya Birla,Equity,Dividend Yield,2.29%,856.17,https://www.moneycontrol.com/mutual-funds/aditya-birla-sun-life-dividend-yield-fund-regular-plan/portfolio-overview/MBS030,Not Rated,Vinod Bhat|Dhaval Gala,17.07,-2.32,6.62,27.88,9.06,11.67,1.37,1.87,0.02,0.72,0.09,0.65,61.11,2006,2006-04-03,14.94,1.111332063552497,6.81,20.75,14.43,0.5988702520314527,55,25.29%,39.17%,36.44%,86.32,0.00,10.73,0,0.0,0.0,11.56,0.0,0.0,13.12,0.94,0.0,55.0,35.67,62.58,0.8535286302458427,49.38
101762,HDFC Flexi Cap Fund,HDFC,Equity,Flexi Cap,1.62%,31892.77,https://www.moneycontrol.com/mutual-funds/hdfc-flexi-cap-fund/portfolio-overview/MZU001,5 Stars,Roshi Jain,17.07,-2.66,8.91,32.11,12.92,13.84,1.38,1.94,0.06,0.95,0.08,0.83,72.22,2006,2006-04-03,17.44,0.7541746185253896,15.75,22.55,16.95,0.628538459575852,52,31.46%,52.26%,37.85%,95.25,0.00,0.00,0,0.0,0.0,13.75,0.0,0.0,11.25,0.62,0.0,52.81,44.59,65.03,0.9408029009958199,55.0
101764,HDFC Capital Builder Value Fund,HDFC,Equity,Value,1.91%,5231.13,https://www.moneycontrol.com/mutual-funds/hdfc-capital-builder-value-fund/portfolio-overview/MZU016,2 Stars,Gopal Agrawal,17.07,-3.68,2.3,27.43,8.13,12.56,1.26,1.74,0.03,0.91,0.05,0.91,77.78,2006,2006-04-03,16.08,1.0855030684095455,5.7,19.33,15.68,0.6170911845222149,66,36.67%,52.26%,42.13%,99.70,0.00,0.00,0,0.0,0.0,12.19,0.31,0.0,11.56,0.62,0.0,50.31,39.49,57.67,0.9592766281613803,48.75
101862,Nippon India Banking and Financial Services Fund,Nippon India,Equity,Sectorial-Banking,2.02%,3783.27,https://www.moneycontrol.com/mutual-funds/nippon-india-banking-financial-services-fund-rp-/portfolio-overview/MRC026,Not Rated,Kinjal Desai|Bhavik Dave|Vinay Sharma|Akshay Sharma,17.07,-3.59,10.54,33.84,8.2,14.81,1.19,1.69,0.05,1.17,0.05,0.78,66.67,2006,2006-04-03,22.25,1.1112017765018483,10.75,16.84,18.95,0.6392413537008717,26,48.42%,67.51%,66.88%,96.83,0.00,0.00,0,0.0,0.0,18.75,0.94,0.0,15.31,1.25,0.31,52.19,56.05,55.83,0.8972667237200955,55.94
101922,Canara Robeco Flexi Cap Fund,Canara Robeco,Equity,Flexi Cap,1.75%,8712.83,https://www.moneycontrol.com/mutual-funds/canara-robeco-flexi-cap-fund-regular-plan/portfolio-overview/MCA022,3 Stars,Shridatta Bhandwaldar,17.07,-1.81,0.47,22.62,11.92,12.8,1.06,1.46,-0.02,0.88,0.02,0.94,72.22,2006,2006-04-03,15.28,1.126305766636748,2.09,19.86,16.54,0.6237454666273876,57,31.61%,46.3%,38.78%,96.97,0.00,0.00,0,0.0,0.0,11.25,0.31,0.0,12.5,0.62,0.0,49.06,29.94,58.28,0.9773030293221019,44.38
101979,HDFC Tax Saver Fund,HDFC,Equity,ELSS,1.75%,9814.85,https://www.moneycontrol.com/mutual-funds/hdfc-tax-saver/portfolio-overview/MZU017,5 Stars,Roshi Jain,17.07,-2.42,8.88,28.07,9.36,11.37,1.33,1.87,0.04,0.88,0.06,0.91,72.22,2006,2006-04-03,15.45,0.7484023799365151,12.87,19.21,14.15,0.5828435565481506,35,35.02%,57.27%,41.96%,94.29,0.00,0.00,0,0.0,0.0,11.88,0.0,0.0,10.94,0.62,0.0,52.19,42.04,66.87,0.9540647250879304,54.69
102000,HDFC Top 100 Fund,HDFC,Equity,Large Cap,1.69%,22294.1,https://www.moneycontrol.com/mutual-funds/hdfc-top-100-fund/portfolio-overview/MZU009,5 Stars,Rahul Baijal,17.07,-2.01,6.83,26.84,10.88,12.94,1.18,1.65,0.03,0.97,0.03,0.92,77.78,2006,2006-04-03,16.89,0.8252259344223757,9.75,17.86,16.01,0.6123216161378511,50,36%,56.98%,40.76%,95.00,0.00,0.00,0,0.0,0.0,12.81,0.0,0.0,12.5,0.62,0.0,50.94,40.76,65.03,0.9785265401462626,53.12
102036,Tata Large Cap Fund,Tata,Equity,Large Cap,2.2%,1381.03,https://www.moneycontrol.com/mutual-funds/tata-large-cap-fund-regular-plan/portfolio-overview/MTA006,4 Stars,Abhinav Sharma,17.07,-2.2,2.71,24.58,9.79,6.17,1.1,1.54,0.01,0.95,0.02,0.96,66.67,2006,2006-04-03,16.3,1.0251733604464361,4.22,17.6,8.91,0.47930228997065394,50,30.2%,47.26%,40.01%,96.68,0.00,0.00,0,0.0,0.0,12.5,0.0,0.0,12.19,0.62,0.0,49.69,37.58,63.8,0.9821776424055532,50.94
102135,ICICI Prudential Thematic Advantage Fund,ICICI Prudential,Equity,FOF-Thematic,1.45%,1010.64,https://www.moneycontrol.com/mutual-funds/icici-prudential-thematic-advantage-fund/portfolio-overview/MPI074,Not Rated,Dharmesh Kakkad|Sankaran Naren|Manish Banthia,17.07,-1.95,5.09,31.52,13.95,11.43,1.58,2.24,0.04,0.74,0.12,0.72,83.33,2006,2006-04-02,14.74,0.7827931578919703,6.95,26.48,13.48,0.5796209163828011,,,,,,,,,,,8.49,0.0,0.0,7.86,0.31,0.0,50.31,23.87,74.23,0.9407740038622845,49.69
102137,ICICI Pru Asset Allocator FoF,ICICI Prudential,Hybrid,FOF-Asset Allocator,0.33%,18982.02,https://www.moneycontrol.com/mutual-funds/icici-prudential-asset-allocator-fund-direct-plan/portfolio-overview/MPI1169,Not Rated,Dharmesh Kakkad|Sankaran Naren|Manish Banthia,17.07,1.18,7.48,19.32,11.33,10.79,1.77,2.52,-0.02,0.36,0.1,0.71,88.89,2006,2006-04-02,7.22,0.3429538539340056,7.42,14.39,11.62,0.5590210246500822,,,,,,,,,,,0.0,0.0,0.0,0.0,0.0,0.0,54.6,6.58,94.48,0.8794810764149108,52.06
102147,HDFC Hybrid Debt Fund,HDFC,Hybrid,Conservative Hybrid,1.82%,2728.96,https://www.moneycontrol.com/mutual-funds/hdfc-hybrid-debt-fund/portfolio-overview/MHD041,4 Stars,Srinivasan Ramamurty|Shobhit Mehrotra,17.07,1.13,6.65,12.72,8.11,9.86,1.46,2.04,-0.05,0.23,0.07,0.71,88.89,2006,2006-04-03,4.61,0.24047488032721479,5.54,9.98,10.2,0.5138734557547753,41,7.46%,11.88%,8.54%,23.11,0.00,0.00,64,3.60,0.08,0.0,0.0,0.0,0.63,0.0,0.0,54.6,7.24,96.93,0.8985242541489761,53.65
102272,SBI NIFTY INDEX FUND,SBI,Index,Nifty 50,0.5%,3595.32,https://www.moneycontrol.com/mutual-funds/sbi-nifty-index-fund/portfolio-overview/MSB025,3 Stars,Raviprakash Sharma|Mohit Jain,17.07,-2.77,3.28,24.96,11.07,10.06,1.09,1.54,0.09,1.0,0.01,1.0,77.78,2006,2006-04-03,16.75,0.9726496064606561,5.61,18.51,12.92,0.5532284066640636,50,40.83%,59.53%,49.83%,100.49,0.00,0.00,0,0.0,0.0,14.06,0.31,0.0,13.44,0.62,0.0,49.06,19.75,17.18,0.9998756215817537,18.44
102328,Tata Mid Cap Fund,Tata,Equity,Mid Cap,2.11%,1780.71,https://www.moneycontrol.com/mutual-funds/tata-mid-cap-growth-fund/portfolio-overview/MTA122,2 Stars,,17.07,0.97,1.17,28.47,11.52,13.48,1.25,1.72,0.02,0.81,0.08,0.65,72.22,2006,2006-04-03,16.89,1.1386899436644864,4.82,23.47,16.79,0.6342393537681473,55,17.31%,30.81%,20.06%,98.53,0.00,0.00,0,0.0,0.0,14.06,0.31,0.0,13.12,1.25,0.0,55.62,42.04,58.28,0.843374917783126,50.31
102414,SBI Contra Fund,SBI,Equity,Contra,1.78%,8979.1,https://www.moneycontrol.com/mutual-funds/sbi-contra-fund/portfolio-overview/MSB010,5 Stars,Dinesh Balachandran,17.07,0.8,12.4,42.95,14.52,12.55,2.06,2.89,0.11,0.81,0.19,0.77,72.22,2006,2006-04-03,15.47,0.6953570525019804,16.13,31.82,14.93,0.5977354696210909,71,14.26%,24.48%,16.92%,72.46,0.00,1.46,6,1.20,-,10.0,0.0,0.0,8.44,0.94,0.0,58.44,36.94,73.01,0.9127501147188015,55.31
102431,Nippon India Pharma Fund,Nippon India,Equity,Sectorial-Healthcare,1.98%,4304.46,https://www.moneycontrol.com/mutual-funds/nippon-india-pharma-fund/portfolio-overview/MRC058,Not Rated,Kinjal Desai|Sailesh Raj Bhan|Akshay Sharma,17.07,0.56,-2.93,15.75,14.4,16.99,0.65,0.94,-0.03,0.46,0.06,0.23,72.22,2006,2006-04-03,16.07,1.16359349318287,-6.19,25.47,20.67,0.7172132090516328,29,40.62%,62.84%,95.51%,98.74,0.00,0.00,0,0.0,0.0,8.44,0.0,0.0,10.0,0.31,0.0,47.5,21.66,65.64,0.660071468883365,44.06
102528,ICICI Prudential Mid Cap Fund,ICICI Prudential,Equity,Mid Cap,1.99%,3514.54,https://www.moneycontrol.com/mutual-funds/icici-prudential-midcap-fund/portfolio-overview/MPI089,3 Stars,Lalit Kumar|Sharmila D’mello,17.07,-3.87,1.56,32.6,9.14,11.8,1.44,2.0,0.04,0.82,0.11,0.65,77.78,2006,2006-04-02,17.05,1.0688474221270854,6.22,24.07,14.98,0.5978404092130581,69,18.24%,32.65%,27.15%,95.60,0.00,0.00,0,0.0,0.0,11.88,0.0,0.0,13.75,1.25,0.0,54.69,42.68,61.35,0.8451839437648587,52.19
102594,ICICI Prudential Value Discovery,ICICI Prudential,Equity,Value,1.7%,27677.26,https://www.moneycontrol.com/mutual-funds/icici-prudential-value-discovery-fund/portfolio-overview/MPI087,5 Stars,Dharmesh Kakkad|Sharmila D’mello|Sankaran Naren,17.07,-1.49,6.72,33.59,13.89,15.44,1.67,2.37,0.05,0.77,0.13,0.74,77.78,2006,2006-04-02,14.93,0.7750156023124635,13.76,26.56,18.28,0.6720715151919827,80,33.18%,48.68%,32.28%,91.01,0.00,3.87,4,0.01,0.07,8.44,0.0,0.0,7.19,0.31,0.0,52.19,38.85,73.62,0.898318595617321,56.56
102751,Nippon India Consumption Fund,Nippon India,Equity,Sectorial-Consumption,2.43%,327.21,https://www.moneycontrol.com/mutual-funds/nippon-india-consumption-fund/portfolio-overview/MRC071,Not Rated,Kinjal Desai|Amar Kalkundrikar|Akshay Sharma,17.07,0.1,9.76,29.91,13.66,11.82,1.49,2.13,0.03,0.71,0.11,0.65,66.67,2006,2006-04-03,14.75,0.9099973247090453,15.6,25.88,14.73,0.5878686414505916,33,27.53%,45.08%,28.61%,93.70,0.00,0.00,1,0.52,-,12.19,0.0,0.0,9.69,0.94,0.0,52.5,33.76,63.8,0.850920305027167,49.06
102756,SBI Focussed Equity Fund,SBI,Equity,Focused,1.61%,26573.19,https://www.moneycontrol.com/mutual-funds/sbi-focused-equity-fund/portfolio-overview/MSB059,3 Stars,Rama Iyer Srinivisan|Mohit Jain,17.07,0.26,-1.54,21.7,10.37,13.4,1.09,1.54,-0.01,0.72,0.05,0.74,66.67,2006,2006-04-03,13.91,1.3321320113132011,-0.93,17.75,16.88,0.6335497751320991,24,32.52%,56.53%,36.59%,85.89,0.00,6.24,1,1.56,-,10.0,0.31,0.0,10.0,0.62,0.0,49.38,28.03,72.39,0.8722427823971934,50.62
102760,HDFC Focused 30 Fund,HDFC,Equity,Focused,1.82%,3988.23,https://www.moneycontrol.com/mutual-funds/hdfc-focused-30-fund/portfolio-overview/MHD044,5 Stars,Roshi Jain,17.07,-1.26,12.06,32.31,10.63,10.74,1.48,2.11,0.07,0.89,0.09,0.85,72.22,2006,2006-04-03,16.26,0.6786764560556465,19.33,22.5,13.67,0.5700267653642366,29,31.18%,51.25%,37.27%,88.45,0.00,0.00,0,0.0,0.0,12.5,0.0,0.0,10.62,0.62,0.0,53.12,41.4,66.26,0.9330482047920915,54.06
102823,SBI Healthcare Opportunities Fund,SBI,Equity,Sectorial-Healthcare,2.14%,1589.27,https://www.moneycontrol.com/mutual-funds/sbi-healthcare-opportunities-fund/portfolio-overview/MSB062,Not Rated,Tanmaya Desai|Mohit Jain,17.07,1.8,0.53,17.23,12.8,11.56,0.73,1.06,-0.02,0.46,0.06,0.23,72.22,2006,2006-04-03,16.03,1.0912005496455572,-3.35,25.15,14.69,0.5956107180337702,22,47.23%,70.01%,94.62%,98.76,0.00,0.00,0,0.0,0.0,10.62,0.31,0.0,10.31,0.31,0.0,51.25,27.39,69.33,0.6785146470831432,48.75
102846,Nippon India Balanced Advantage Fund,Nippon India,Hybrid,Balanced Advantage,1.83%,6608.14,https://www.moneycontrol.com/mutual-funds/nippon-india-balanced-advantage-fund/portfolio-overview/MRC078,Not Rated,Kinjal Desai|Amar Kalkundrikar|Ashutosh Bhargava|Sushil Budhia|Akshay Sharma,17.07,-1.21,4.53,15.48,7.98,12.01,1.19,1.64,-0.05,0.43,0.05,0.88,83.33,2006,2006-04-03,7.7,0.44532687284028083,4.59,11.54,13.87,0.5802416725871323,55,23.45%,35.34%,25.94%,66.64,0.00,0.00,61,2.94,7.89,1.25,0.0,0.0,2.5,0.0,0.0,53.12,7.01,92.64,0.9601933323500171,50.62
102875,Kotak Small Cap Fund,Kotak,Equity,Small Cap,1.69%,8672.23,https://www.moneycontrol.com/mutual-funds/kotak-small-cap-fund-regular-plan/portfolio-overview/MKM073,3 Stars,Pankaj Tibrewal,17.07,0.63,-1.6,42.28,14.78,13.35,2.09,2.99,0.07,0.65,0.22,0.53,66.67,2006,2006-04-03,14.98,1.1058768344608638,5.59,34.65,17.12,0.6424921462067931,75,17.59%,30.12%,22.91%,95.91,0.00,0.00,0,0.0,0.0,8.12,0.0,0.0,9.38,0.94,0.0,55.62,24.2,71.78,0.7728834407793322,48.44
102885,SBI EQUITY HYBRID FUND,SBI,Hybrid,Aggressive Hybrid,1.46%,54563.9,https://www.moneycontrol.com/mutual-funds/sbi-equity-hybrid-fund/portfolio-overview/MSB063,3 Stars,Rama Iyer Srinivisan|Dinesh Ahuja|Mohit Jain,17.07,-1.49,-0.51,17.9,9.58,11.79,1.03,1.42,-0.05,0.64,0.03,0.9,83.33,2006,2006-04-03,11.3,0.7586308394119063,3.49,14.91,13.76,0.5986420937653226,38,27.11%,43.15%,29.26%,77.82,0.00,0.00,41,4.68,7.58,5.0,0.0,0.0,5.62,0.31,0.0,49.38,16.56,82.21,0.9585249178261663,50.0
102920,Canara Robeco Emerging Equities,Canara Robeco,Equity,Large & Mid Cap,0.66%,15416.8,https://www.moneycontrol.com/mutual-funds/canara-robeco-emerging-equities-direct-plan/portfolio-overview/MCA205,3 Stars,Shridatta Bhandwaldar,17.07,-1.46,-0.52,25.64,10.46,14.77,1.19,1.63,0.01,0.87,0.04,0.87,72.22,2006,2006-04-03,15.74,1.111802668709577,3.4,22.27,18.78,0.669430984141067,57,25.59%,39.22%,32.18%,95.79,0.00,0.00,0,0.0,0.0,10.0,0.31,0.0,12.5,0.94,0.0,51.25,31.85,58.28,0.9471366976539647,45.31
102941,SBI Magnum Mid Cap Fund,SBI,Equity,Mid Cap,1.79%,8733.51,https://www.moneycontrol.com/mutual-funds/sbi-magnum-midcap-fund/portfolio-overview/MSB065,4 Stars,Sohini Andani|Mohit Jain,17.07,3.12,4.92,37.74,12.08,13.07,1.75,2.46,0.06,0.73,0.17,0.57,83.33,2006,2006-04-03,16.12,1.0221163486657177,11.28,29.95,16.16,0.6154197143546114,59,21.33%,37.01%,30.55%,96.38,0.00,0.00,1,2.94,-,11.25,0.31,0.0,10.62,0.94,0.0,55.0,35.67,71.17,0.7933869165201489,53.75
102948,HDFC Hybrid Equity Fund,HDFC,Hybrid,Aggressive Hybrid,1.74%,18857.77,https://www.moneycontrol.com/mutual-funds/hdfc-hybrid-equity-fund/portfolio-overview/MHD048,4 Stars,Priya Ranjan|Chirag Setalvad|Anupam Joshi,17.07,-0.19,8.09,24.42,10.08,10.15,1.37,1.94,0.0,0.72,0.06,0.92,83.33,2006,2006-04-03,12.6,0.6705174761000201,7.7,17.34,12.86,0.5576856231180086,34,25.19%,42.17%,28.14%,65.85,0.00,0.00,48,3.68,0.08,7.19,0.0,0.0,5.94,0.31,0.0,52.5,21.02,90.8,0.9633937906071628,56.56
103024,SBI Large & Mid Cap,SBI,Equity,Large & Mid Cap,1.79%,9827.47,https://www.moneycontrol.com/mutual-funds/sbi-large-midcap-fund/portfolio-overview/MSB003,5 Stars,Saurabh Pant|Mohit Jain,17.07,0.13,5.89,30.86,12.57,13.62,1.51,2.08,0.05,0.8,0.1,0.8,77.78,2006,2006-04-03,15.03,0.9677863099797707,9.68,22.75,16.44,0.6301044373931113,70,20.27%,33.73%,27.99%,93.21,0.00,0.00,0,0.0,0.0,10.94,0.31,0.0,10.0,0.31,0.0,55.0,33.76,75.46,0.9192218172087109,55.0
103026,UTI Dividend Yield Fund,UTI,Equity,Dividend Yield,2.06%,2766.58,https://www.moneycontrol.com/mutual-funds/uti-dividend-yield-fund/portfolio-overview/MUT070,1 Star,Amit Premchandani,17.07,-2.4,-2.34,23.85,9.86,12.16,1.15,1.57,-0.0,0.75,0.05,0.73,72.22,2006,2006-04-03,14.82,1.183553400735965,0.68,19.32,15.12,0.6112431975004982,49,29.24%,47.44%,40.18%,99.27,0.00,0.00,1,0.00,-,10.0,0.0,0.0,11.25,0.62,0.0,53.75,34.39,62.58,0.8852333054455003,48.75
103040,Kotak India EQ Contra Fund,Kotak,Equity,Contra,2.03%,1467.2,https://www.moneycontrol.com/mutual-funds/kotak-india-eq-contra-fund-regular-plan/portfolio-overview/MKM077,3 Stars,Shibani Sircar Kurian,17.07,-2.08,5.4,27.19,11.68,11.54,1.26,1.73,0.03,0.91,0.04,0.93,77.78,2006,2006-04-03,15.91,0.9919851231541535,6.75,20.26,14.52,0.592489830035161,61,21.14%,35.94%,31.72%,98.02,0.00,0.00,0,0.0,0.0,13.12,0.0,0.0,11.88,0.62,0.0,51.56,47.13,60.12,0.9650668089132556,53.75
103085,Nippon India Value Fund,Nippon India,Equity,Value,1.97%,4634.11,https://www.moneycontrol.com/mutual-funds/nippon-india-value-fund/portfolio-overview/MRC098,3 Stars,Kinjal Desai|Meenakshi Dawar|Dhrumil Shah|Akshay Sharma,17.07,-3.46,0.71,29.25,10.42,14.92,1.32,1.82,0.05,0.93,0.06,0.89,66.67,2006,2006-04-03,16.51,1.0952279939217437,6.35,22.58,17.58,0.640611958558629,78,26.02%,40.99%,30.39%,97.84,0.00,0.00,0,0.0,0.0,13.75,0.31,0.0,13.12,0.94,0.0,50.31,43.31,58.9,0.9540571032651027,51.25
103131,HDFC Multi,HDFC,Hybrid,Multi Asset Allocation,2.11%,1690.05,https://www.moneycontrol.com/mutual-funds/hdfc-multi-asset-fund/portfolio-overview/MHD050,Not Rated,Srinivasan Ramamurty|Priya Ranjan|Nirman Morakhia|Bhagyesh Kagalkar|Anil Bamboli|Arun Agarwal,17.07,0.3,6.26,19.76,9.98,9.99,1.42,2.06,-0.03,0.51,0.07,0.87,88.89,2006,2006-04-03,9.24,0.477532602407581,5.59,15.79,10.49,0.5290206753139888,65,18.07%,28.27%,24.13%,66.99,0.00,0.00,12,1.79,0.07,2.81,0.0,0.0,2.81,0.0,0.0,49.38,11.46,92.02,0.9584418719941858,52.5
103166,Aditya Birla Sun Life Flexi Cap Fund,Aditya Birla,Equity,Flexi Cap,1.56%,15434.24,https://www.moneycontrol.com/mutual-funds/aditya-birla-sun-life-flexi-cap-fund/portfolio-overview/MAC006,3 Stars,Vinod Bhat|Anil Shah,17.07,-2.74,-1.29,23.96,8.7,12.25,1.08,1.47,-0.0,0.92,0.02,0.9,77.78,2006,2006-04-03,16.19,1.1896779231096588,0.71,18.38,15.64,0.6059687675096505,73,32.14%,48.65%,43.55%,98.02,0.00,0.00,0,0.0,0.0,12.5,0.31,0.0,13.75,0.62,0.0,50.31,39.49,49.69,0.963583799444004,44.69
103174,Aditya Birla Sun Life Frontline Equity Fund,Aditya Birla,Equity,Large Cap,1.57%,21126.36,https://www.moneycontrol.com/mutual-funds/aditya-birla-sun-life-frontline-equity-fund/portfolio-overview/MAC031,4 Stars,Mahesh Patil,17.07,-3.01,2.56,24.57,9.36,13.56,1.12,1.56,0.01,0.93,0.02,0.96,77.78,2006,2006-04-03,15.93,0.993354500639004,4.78,18.26,16.2,0.6214842294709471,76,33.85%,49.6%,40.12%,98.07,0.00,0.00,1,0.00,-,13.44,0.0,0.0,11.88,0.62,0.0,49.38,35.67,60.74,0.9867652212520683,48.44
103196,Nippon India Tax Saver Fund,Nippon India,Equity,ELSS,1.73%,11157.56,https://www.moneycontrol.com/mutual-funds/nippon-india-tax-saver-elss-fund/portfolio-overview/MRC101,3 Stars,Kinjal Desai|Ashutosh Bhargava|Rupesh Patel|Akshay Sharma,17.07,-4.07,2.22,26.72,5.19,11.07,1.16,1.61,0.04,0.99,0.03,0.93,72.22,2006,2006-04-03,17.15,1.0168320373943305,7.03,17.68,14.5,0.5861712258061123,55,32.61%,48.68%,33.7%,99.39,0.00,0.00,0,0.0,0.0,14.69,0.0,0.0,12.81,0.62,0.0,50.94,41.4,55.21,0.9740450184361864,48.44
103215,SBI Flexi Cap Fund,SBI,Equity,Flexi Cap,1.7%,15692.52,https://www.moneycontrol.com/mutual-funds/sbi-flexicap-fund-regular-plan/portfolio-overview/MSB074,3 Stars,R. Srinivasan|Mohit Jain,17.07,-0.51,0.74,24.48,9.5,10.65,1.15,1.58,0.0,0.87,0.03,0.9,77.78,2006,2006-04-03,15.38,0.9942378851499534,2.87,17.74,13.65,0.5713116163890053,56,29.35%,43.86%,35.6%,92.15,0.00,3.79,1,0.00,-,11.25,0.0,0.0,11.56,0.62,0.0,50.62,33.76,65.03,0.9491698863157989,49.69
103234,Kotak Equity Opportunities,Kotak,Equity,Large & Mid Cap,1.93%,3797.54,https://www.moneycontrol.com/mutual-funds/tata-large-mid-cap-fund-regular-plan/portfolio-overview/MTA043,4 Stars,Meeta Shetty|Chandraprakash Padiyar,17.07,-0.32,4.84,26.54,12.15,13.11,1.29,1.77,0.02,0.82,0.06,0.83,77.78,2006,2006-04-03,14.99,0.9409361195527183,7.63,20.99,16.28,0.6206699174422158,44,28.41%,45.08%,29.91%,93.59,0.00,0.00,0,0.0,0.0,13.12,0.0,0.0,12.19,0.62,0.0,53.75,43.31,60.12,0.9290407357954807,51.88
103309,Aditya Birla Sunlife Focused Equity Fund,Aditya Birla,Equity,Focused,1.78%,5627.54,https://www.moneycontrol.com/mutual-funds/aditya-birla-sun-life-focused-equity-fund/portfolio-overview/MBS089,2 Stars,Dhaval Joshi|Kunal Sangoi,17.07,-4.32,0.0,21.87,9.25,11.44,0.98,1.37,-0.03,0.93,0.0,0.96,77.78,2006,2006-04-03,15.85,1.0136918025614359,3.1,17.49,14.58,0.5917829558855439,30,38.19%,57.78%,39.83%,94.38,0.00,0.00,0,0.0,0.0,13.44,0.0,0.0,12.5,0.62,0.0,49.38,42.04,55.83,0.9834027037860777,49.06
103339,Kotak Tax Saver Fund,Kotak,Equity,ELSS,1.58%,3400.35,https://www.moneycontrol.com/mutual-funds/kotak-tax-saver-regular-plan/portfolio-overview/MKM081,4 Stars,Harsha Upadhyaya,17.07,-1.34,4.71,26.64,12.61,10.99,1.27,1.74,0.02,0.85,0.05,0.87,72.22,2006,2006-04-03,15.31,1.0332838986083146,7.34,20.7,14.19,0.5816037762711429,60,24.06%,40.53%,27.35%,96.58,0.00,0.00,0,0.0,0.0,13.12,0.0,0.0,12.19,0.94,0.0,52.5,43.95,63.19,0.9469601274304157,53.75
103360,Franklin India Smaller Companies Fund,Franklin ,Equity,Small Cap,1.85%,7293.16,https://www.moneycontrol.com/mutual-funds/franklin-india-smaller-companies-fund-regular-plan/portfolio-overview/MTE090,2 Stars,Sandeep Manam|Akhil Kalluri|R. Janakiraman,17.07,3.9,9.22,40.11,9.96,14.11,1.77,2.43,0.07,0.77,0.18,0.58,77.78,2006,2006-04-03,17.02,1.22816444658891,9.12,26.04,17.21,0.6444254683597173,77,18.28%,31.05%,21.8%,95.44,0.00,0.00,0,0.0,0.0,12.81,0.31,0.0,11.56,1.56,0.31,56.88,38.85,65.03,0.8023122073514978,52.19
103408,SBI MULTI ASSET ALLOCATION FUND,SBI,Hybrid,Multi Asset Allocation,1.78%,606.38,https://www.moneycontrol.com/mutual-funds/sbi-multi-asset-allocation-fund/portfolio-overview/MSB075,Not Rated,Raj Gandhi|Dinesh Balachandran|Mohit Jain,17.07,1.24,5.66,13.11,8.99,8.68,1.01,1.36,-0.05,0.32,0.06,0.55,94.44,2006,2006-04-03,7.17,0.44655305611626056,5.26,11.82,8.92,0.41773461214439167,48,15.68%,25.43%,14.4%,41.50,0.00,1.78,10,4.68,-,0.95,0.0,0.0,2.86,0.0,0.0,54.29,19.08,88.96,0.7651495825444895,55.24
103504,SBI Blue Chip,SBI,Equity,Large Cap,1.59%,34042.09,https://www.moneycontrol.com/mutual-funds/sbi-blue-chip-fund/portfolio-overview/MSB079,4 Stars,Sohini Andani|Mohit Jain,17.07,-0.98,5.87,25.92,10.12,11.3,1.16,1.61,0.02,0.95,0.03,0.94,77.78,2006,2006-04-03,16.4,0.974954818827187,5.73,19.02,14.26,0.5835138711893058,47,33.33%,49.23%,32.9%,94.08,0.00,0.00,1,0.00,-,11.88,0.0,0.0,11.25,0.62,0.0,51.25,38.22,65.64,0.9786481348094275,52.19
103678,Franklin Templeton India Equity Income Fund,Franklin ,Equity,Dividend Yield,2.18%,1390.21,https://www.moneycontrol.com/mutual-funds/templeton-india-equity-income-fund/portfolio-overview/MTE092,Not Rated,Rajasa Kakulavarapu|Mayank Bukrediwala|Anand Radhakrishnan,16.94,-0.21,4.72,35.16,13.06,14.29,1.91,2.77,0.06,0.66,0.16,0.66,77.78,2006,2006-05-19,13.53,0.6134459776853591,10.51,25.92,15.88,0.6302740213343161,40,23.89%,41.13%,39.04%,72.85,0.00,15.39,0,0.0,0.0,7.81,0.0,0.0,6.25,0.31,0.0,52.5,26.75,73.62,0.8442460157143432,50.62
103819,DSP Equity Opportunities,DSP,Equity,Large & Mid Cap,1.68%,11892.93,https://www.moneycontrol.com/mutual-funds/kotak-equity-opportunities-fund-regular-plan/portfolio-overview/MKM067,3 Stars,Harsha Upadhyaya,17.07,-2.79,4.15,25.16,10.15,12.6,1.17,1.59,0.01,0.86,0.04,0.85,77.78,2006,2006-04-03,15.7,1.1610519095587342,2.89,19.53,15.51,0.6091190190774898,65,21.46%,36.79%,22.16%,98.57,0.00,0.00,0,0.0,0.0,12.5,0.0,0.0,11.25,0.62,0.0,52.81,38.22,61.35,0.9345546538120553,50.0
104331,Aditya Birla Sun Life Tax Plan,Aditya Birla,Equity,ELSS,1.55%,314.6,https://www.moneycontrol.com/mutual-funds/aditya-birla-sun-life-tax-plan-regular-plan/portfolio-overview/MBS099,4 Stars,Atul Penkar|Dhaval Gala,16.56,-3.59,-3.08,13.52,3.35,10.39,0.58,0.8,-0.09,0.79,-0.05,0.86,72.22,2006,2006-10-04,14.5,1.086137621921619,-2.07,10.71,12.08,0.5447115958694391,41,32.71%,53.66%,34.66%,99.82,0.00,0.00,0,0.0,0.0,8.57,0.0,0.0,10.48,0.63,0.0,49.84,25.0,67.3,0.9582498404179298,46.35
104481,DSP Mid Cap Fund,DSP,Equity,Mid Cap,1.7%,12916.69,https://www.moneycontrol.com/mutual-funds/dsp-mid-cap-fund-regular-plan/portfolio-overview/MDS057,Not Rated,Resham Jain|Abhishek Ghosh|Vinit Sambre|Jay Kothari,16.45,-0.96,-2.45,21.0,8.17,14.1,0.97,1.31,-0.02,0.73,0.03,0.65,72.22,2006,2006-11-16,15.26,1.3340052716267514,-2.13,18.4,16.54,0.6364501372746723,52,18.84%,34.47%,21.2%,95.48,0.00,0.00,0,0.0,0.0,12.19,0.0,0.0,11.56,0.94,0.0,52.81,36.94,62.58,0.8382405409161705,50.0
104513,Quant Large and Mid Cap,Quant,Equity,Large & Mid Cap,2.25%,709.33,https://www.moneycontrol.com/mutual-funds/quant-large-mid-cap-fund/portfolio-overview/MES022,4 Stars,Anikt Pande|Vasav Sahgal|Sanjeev Sharma,16.43,-5.32,0.72,27.32,13.32,12.99,1.13,1.54,0.01,0.82,0.07,0.58,70.59,2006,2006-11-21,18.16,1.0337842411395906,12.91,27.68,14.97,0.6078920591198106,32,37.6%,54.86%,29.93%,94.45,0.00,0.00,0,0.0,0.0,14.69,0.62,0.0,14.69,1.88,0.31,57.19,52.23,56.44,0.860867205338927,54.38
104523,SBI Magnum Equity ESG Fund,SBI,Equity,Thematic,1.96%,4411.66,https://www.moneycontrol.com/mutual-funds/sbi-magnum-equity-esg-fund/portfolio-overview/MSB085,1 Star,Rohit Shimpi|Mohit Jain,16.42,-2.74,-0.05,23.51,10.39,11.69,1.04,1.45,-0.01,0.95,0.01,0.94,77.78,2006,2006-11-27,16.48,1.1461419420017376,2.55,17.61,14.01,0.5781064196750529,39,31.85%,49.84%,37.69%,95.07,0.00,2.65,0,0.0,0.0,13.12,0.0,0.0,13.75,0.62,0.0,50.31,39.49,52.76,0.9655087426147699,46.25
104637,Nippon India Focused Equity Fund,Nippon India,Equity,Focused,1.9%,5895.13,https://www.moneycontrol.com/mutual-funds/nippon-india-focused-equity-fund/portfolio-overview/MRC110,4 Stars,Kinjal Desai|Prateek  Poddar|Vinay Sharma|Akshay Sharma,16.33,-3.68,0.11,30.12,10.49,13.67,1.32,1.85,0.05,0.95,0.06,0.86,72.22,2006,2006-12-27,17.1,0.9466759070081044,7.94,23.7,15.69,0.6206679068660751,29,30.34%,50.39%,28.35%,91.57,0.00,0.00,0,0.0,0.0,15.0,0.31,0.0,12.5,0.62,0.0,52.19,43.95,58.9,0.9355860834854443,51.56
104685,ICICI Prudential Balanced Advantage Fund,ICICI Prudential,Hybrid,Balanced Advantage,1.55%,44699.79,https://www.moneycontrol.com/mutual-funds/icici-prudential-balanced-advantage-fund/portfolio-overview/MPI126,2 Stars,Sri Sharma|Sharmila D’mello|Sankaran Naren|Rajat Chandak|Manish Banthia|Ihab Dalwai|Ritesh Lunawat,16.32,0.15,6.35,18.18,9.42,11.5,1.52,2.16,-0.04,0.43,0.07,0.86,88.24,2007,2007-01-01,7.96,0.3688047145436222,7.47,13.54,12.24,0.567833836998352,82,21.58%,33.28%,26.54%,67.87,0.00,0.00,61,0.92,0.08,0.62,0.0,0.0,0.62,0.0,0.0,52.19,7.64,94.48,0.9544804739729842,51.88
104772,DSP Tax Saver Fund,DSP,Equity,ELSS,1.71%,10178.52,https://www.moneycontrol.com/mutual-funds/dsp-tax-saver-fund-regular/portfolio-overview/MDS060,3 Stars,Rohit Singhania,16.26,-3.54,1.46,26.65,11.76,13.87,1.23,1.69,0.02,0.89,0.05,0.89,76.47,2007,2007-01-22,15.83,1.022527928740064,4.42,21.32,15.58,0.6136976203914407,62,32.19%,43.91%,42.79%,98.42,0.00,0.00,0,0.0,0.0,14.06,0.0,0.0,11.25,0.62,0.0,51.25,40.76,64.42,0.9534812855247072,52.81
104908,Kotak Emerging Equities Fund,Kotak,Equity,Mid Cap,1.56%,24406.71,https://www.moneycontrol.com/mutual-funds/kotak-emerging-equity-scheme-regular-plan/portfolio-overview/MKM099,4 Stars,Pankaj Tibrewal,16.07,1.02,4.2,33.67,12.98,13.83,1.64,2.28,0.05,0.73,0.14,0.64,70.59,2007,2007-04-02,15.27,0.9733753394755299,8.93,26.96,14.98,0.6054403212171258,76,18.35%,31.62%,19.2%,91.97,0.00,0.00,0,0.0,0.0,13.44,0.0,0.0,11.25,0.62,0.0,54.38,36.94,69.33,0.8308346816152207,53.44
105460,Invesco India Contra Fund,Invesco,Equity,Contra,1.74%,9390.66,https://www.moneycontrol.com/mutual-funds/invesco-india-contra-fund/portfolio-overview/MLI019,2 Stars,Dhimant Kothari|Taher Badshah,16.04,-3.87,2.22,24.47,9.79,14.19,1.12,1.54,0.01,0.91,0.03,0.9,76.47,2007,2007-04-12,16.1,1.0405535206523115,5.39,20.73,16.13,0.6269645910569543,64,29.97%,43.65%,37.25%,98.49,0.00,0.00,0,0.0,0.0,14.06,0.0,0.0,12.81,0.62,0.0,51.88,34.39,60.74,0.9651356695251144,47.81
105628,SBI Long Term Equity Fund,SBI,Equity,ELSS,1.72%,12335.61,https://www.moneycontrol.com/mutual-funds/sbi-long-term-equity-fund-regular-plan/portfolio-overview/MSB093,4 Stars,Dinesh Balachandran,15.98,-0.39,8.26,27.97,10.72,11.36,1.33,1.82,0.03,0.85,0.06,0.85,82.35,2007,2007-05-07,15.48,0.9855650998228386,7.82,20.72,12.43,0.5498914090804888,62,20.79%,36.48%,25.54%,90.66,0.00,0.00,0,0.0,0.0,11.56,0.0,0.0,11.25,0.62,0.0,55.94,46.5,69.94,0.9354541707929028,58.44
105758,HDFC Mid Cap Opportunities Fund,HDFC,Equity,Mid Cap,1.61%,35172.92,https://www.moneycontrol.com/mutual-funds/hdfc-mid-cap-opportunities-fund/portfolio-overview/MHD068,4 Stars,Chirag Setalvad,15.81,-0.1,10.31,34.96,11.53,16.24,1.57,2.18,0.05,0.78,0.14,0.62,76.47,2007,2007-07-05,16.7,1.0070511468417895,11.96,25.82,18.46,0.6843379026928341,64,18.89%,33.55%,20.03%,94.35,0.00,0.00,0,0.0,0.0,15.31,0.31,0.0,12.19,1.25,0.0,55.31,44.59,62.58,0.8243962599713806,53.75
105804,Aditya Birla Sun Life Smallcap Fund,Aditya Birla,Equity,Small Cap,1.73%,2871.03,https://www.moneycontrol.com/mutual-funds/aditya-birla-sun-life-small-cap-fund-regular-plan/portfolio-overview/MBS104,1 Star,Vishal Gajwani,15.91,-1.91,-2.73,32.91,3.81,11.01,1.42,1.95,0.04,0.77,0.13,0.54,64.71,2007,2007-05-31,17.49,1.479545421394943,-1.43,21.6,13.42,0.5701812272945798,98,12.83%,22.34%,19.01%,93.18,0.00,0.00,0,0.0,0.0,12.19,0.31,0.0,13.75,1.25,0.31,55.31,33.12,67.48,0.7965140985077902,50.62
105817,Franklin India Focused Fund,Franklin ,Equity,Focused,1.86%,8001.77,https://www.moneycontrol.com/mutual-funds/franklin-india-focused-equity-fund/portfolio-overview/MTE117,5 Stars,Sandeep Manam|Ajay Argal|Varun Sharma,15.75,-5.23,5.34,29.29,12.27,13.36,1.22,1.7,0.04,0.97,0.05,0.81,76.47,2007,2007-07-27,18.04,0.9554600712357416,8.55,22.14,16.02,0.6147292511447229,28,36.9%,57.69%,43.27%,95.61,0.00,0.00,0,0.0,0.0,12.19,0.0,0.0,12.19,0.62,0.0,51.25,37.58,57.06,0.9500685247995589,47.5
105875,DSP Flexi Cap Fund,DSP,Equity,Flexi Cap,1.76%,7571.98,https://www.moneycontrol.com/mutual-funds/dsp-flexi-cap-fund-regular-plan/portfolio-overview/MDS078,2 Stars,Atul Bhole|Dhaval Gada,15.89,0.55,1.91,23.01,10.63,12.76,1.05,1.43,-0.01,0.87,0.02,0.86,70.59,2007,2007-06-08,15.82,1.3602741374964842,-1.24,18.38,14.13,0.5852006422502127,55,31.13%,44.59%,37.18%,98.25,0.00,0.00,0,0.0,0.0,12.81,0.31,0.0,13.44,0.62,0.0,50.0,36.31,53.99,0.9325202800521596,45.31
105989,DSP Small Cap,DSP,Equity,Small Cap,1.78%,8877.64,https://www.moneycontrol.com/mutual-funds/dsp-small-cap-fund-regular-plan/portfolio-overview/MDS291,2 Stars,Resham Jain|Abhishek Ghosh|Vinit Sambre|Jay Kothari,15.85,1.14,-1.87,39.14,11.16,17.92,1.78,2.46,0.06,0.7,0.19,0.51,76.47,2007,2007-06-20,16.41,1.1785889078408,8.69,31.27,21.97,0.7080082852786831,72,17.24%,29.29%,21.25%,95.75,0.00,0.00,0,0.0,0.0,9.69,0.0,0.0,12.5,1.25,0.0,55.94,33.12,65.03,0.7447156163648547,49.38
106166,Canara Robeco Equity Hybrid Fund,Canara Robeco,Hybrid,Aggressive Hybrid,1.76%,8247.13,https://www.moneycontrol.com/mutual-funds/canara-robeco-equity-hybrid-fund-regular-plan/portfolio-overview/MCA051,3 Stars,Ennettee Fernandes|Avnish Jain|Shridatta Bhandwaldar,15.76,-1.18,2.32,17.9,10.51,12.34,1.01,1.4,-0.06,0.66,0.02,0.94,82.35,2007,2007-07-23,11.54,0.8472154431268679,2.87,16.02,13.78,0.5992850616498189,53,24.4%,34.84%,27.97%,71.86,0.00,0.00,42,1.79,7.34,6.25,0.0,0.0,7.19,0.31,0.0,50.62,14.65,87.73,0.9751510142187997,51.88
106235,Nippon India Large Cap,Nippon India,Equity,Large Cap,1.78%,12736.67,https://www.moneycontrol.com/mutual-funds/nippon-india-large-cap-fund-regular-plan/portfolio-overview/MRC155,5 Stars,Kinjal Desai|Ashutosh Bhargava|Sailesh Raj Bhan|Akshay Sharma,15.72,-1.2,9.75,29.06,11.12,11.93,1.25,1.75,0.06,0.99,0.05,0.91,82.35,2007,2007-08-09,17.32,0.8647289172153493,11.68,19.37,14.09,0.5769570249704632,60,31.23%,52%,34.62%,98.37,0.00,0.00,0,0.0,0.0,15.31,0.0,0.0,12.19,0.62,0.0,50.94,42.68,61.35,0.9738198517911795,52.19
106823,ICICI Prudential Smallcap Fund,ICICI Prudential,Equity,Small Cap,1.89%,4761.83,https://www.moneycontrol.com/mutual-funds/icici-prudential-smallcap-fund-retail-plan/portfolio-overview/MPI243,Not Rated,Harish Bihani|Sharmila D’mello,15.52,-0.3,4.52,42.23,13.25,12.45,1.96,2.8,0.08,0.7,0.22,0.52,76.47,2007,2007-10-19,16.37,0.8832041051287544,11.58,31.52,16.07,0.6354276697903547,56,18.5%,32.07%,20.3%,91.68,0.00,0.00,0,0.0,0.0,10.94,0.31,0.0,12.5,0.94,0.0,56.56,28.03,69.94,0.7738568610928144,49.38
107578,Mirae Asset Large Cap Fund,Mirae Asset,Equity,Large Cap,1.53%,32851.08,https://www.moneycontrol.com/mutual-funds/mirae-asset-large-cap-fund-regular-plan/portfolio-overview/MMA001,3 Stars,Gaurav Misra|Gaurav Khandelwal,15.05,-3.26,0.83,22.94,10.6,15.08,1.04,1.44,-0.02,0.93,0.01,0.96,81.25,2008,2008-04-09,15.99,1.0447333971460098,3.64,17.95,20.45,0.7028515950414147,63,40.43%,56.4%,46.44%,99.59,0.00,0.00,0,0.0,0.0,13.12,0.0,0.0,12.5,0.62,0.0,50.0,34.39,60.12,0.9838924018362051,47.5
108466,ICICI Prudential Blue Chip,ICICI Prudential,Equity,Large Cap,1.63%,34679.35,https://www.moneycontrol.com/mutual-funds/icici-prudential-bluechip-fund/portfolio-overview/MPI392,Not Rated,Anish Tawakley|Vaibhav Dusad|Sharmila D’mello,14.92,-2.59,4.7,26.15,11.01,14.34,1.24,1.73,0.03,0.91,0.04,0.96,81.25,2008,2008-05-26,15.68,0.8457154132668179,7.78,19.57,18.84,0.6779091323219805,70,37.48%,55.3%,42.83%,90.38,0.00,0.32,4,0.01,0.07,12.19,0.0,0.0,10.31,0.62,0.0,48.44,33.76,66.26,0.9844106983188008,50.31
109275,Quant Focused Fund,Quant,Equity,Focused,2.25%,237.78,https://www.moneycontrol.com/mutual-funds/quant-focused-fund/portfolio-overview/MES031,4 Stars,Anikt Pande|Vasav Sahgal|Sanjeev Sharma,14.66,-5.36,-2.36,27.71,10.72,11.48,1.17,1.63,0.02,0.82,0.07,0.61,75.00,2008,2008-08-29,17.64,0.9804596205829439,7.75,24.78,17.65,0.6524360683186157,18,39.58%,65.23%,34.2%,91.33,0.00,0.00,0,0.0,0.0,14.06,0.94,0.0,15.94,1.88,0.31,55.0,49.04,54.6,0.8827035326379205,51.88
109445,ICICI Prudential Banking and Financial Services Fund,ICICI Prudential,Equity,Sectorial-Banking,1.88%,6166.98,https://www.moneycontrol.com/mutual-funds/icici-prudential-banking-financial-services-fund-retail-plan/portfolio-overview/MPI447,Not Rated,Sharmila D’mello|Roshan Chutkey,14.67,-3.12,8.47,28.3,8.38,15.22,1.05,1.48,0.03,1.11,0.02,0.79,75.00,2008,2008-08-25,21.05,1.2024295161302316,4.84,14.51,20.41,0.6724834463110476,30,56.06%,75.08%,70.27%,95.14,0.00,0.00,2,0.03,0.07,15.62,0.31,0.0,13.12,1.25,0.0,50.62,49.04,54.6,0.9185288347111976,51.88
109720,Nippon India Gilt Securities Fund,Nippon India,Debt,Gilt,,,,,,14.68,2.2,5.46,3.94,7.38,8.75,-0.72,-0.97,-0.07,0.0,0.04,0.0,93.75,2008,2008-08-22,2.47,0.16982028033585536,1.63,5.21,8.12,0.3593662640556755,,,,,,,,,,,0.0,0.0,0.0,0.0,0.0,0.0,54.6,5.92,98.16,0.13628520295281585,53.65
109830,Quant Flexi Cap Fund,Quant,Equity,Flexi Cap,2.25%,1161.77,https://www.moneycontrol.com/mutual-funds/quant-flexi-cap-fund-regular-plan/portfolio-overview/MES033,Not Rated,Sandeep Tandon|Anikt Pande|Vasav Sahgal|Sanjeev Sharma,14.52,-4.67,1.87,42.02,17.03,13.52,1.76,2.47,0.07,0.78,0.19,0.53,68.75,2008,2008-10-20,17.99,1.063556802609026,10.32,38.34,14.67,0.596977353684848,35,38.02%,55.91%,30.37%,96.38,0.00,0.00,0,0.0,0.0,15.31,0.62,0.0,16.25,2.5,0.31,56.56,53.5,54.6,0.86027843109239,54.06
111722,Canara Robeco Equity Tax Saver Fund,Canara Robeco,Equity,ELSS,1.81%,4923.68,https://www.moneycontrol.com/mutual-funds/canara-robeco-equity-tax-saver-fund-regular-plan/portfolio-overview/MCA152,3 Stars,Vishal Mishra|Shridatta Bhandwaldar,14.23,-1.52,2.58,24.92,13.44,19.09,1.17,1.62,0.01,0.88,0.03,0.9,86.67,2009,2009-02-03,15.61,1.1095854606256412,3.63,22.73,17.57,0.6716629372354689,63,29.55%,43.16%,34.61%,94.86,0.00,0.00,0,0.0,0.0,10.94,0.31,0.0,12.5,0.94,0.0,48.75,33.76,64.42,0.9719772726347838,49.38
111957,ICICI Prudential Focused Equity Fund,ICICI Prudential,Equity,Focused,1.89%,4032.96,https://www.moneycontrol.com/mutual-funds/icici-prudential-focused-equity-fund-retail-plan/portfolio-overview/MPI643,4 Stars,Vaibhav Dusad|Sharmila D’mello|Sankaran Naren,13.9,-2.39,6.03,27.32,12.01,12.95,1.31,1.84,0.02,0.84,0.06,0.82,73.33,2009,2009-06-03,15.63,0.9279088063372433,7.89,22.61,14.06,0.5985280725862807,29,33.73%,55.04%,32.52%,98.33,0.00,0.00,1,0.08,0.07,13.75,0.0,0.0,10.62,0.62,0.0,50.31,36.31,66.87,0.9647448524409844,51.88
112090,Kotak Flexi Cap Fund,Kotak,Equity,Flexi Cap,1.5%,36056.02,https://www.moneycontrol.com/mutual-funds/kotak-flexicap-fund-regular-plan/portfolio-overview/MKM311,3 Stars,Harsha Upadhyaya,13.61,-1.88,3.76,23.48,10.1,13.41,1.05,1.44,-0.01,0.93,0.01,0.91,80.00,2009,2009-09-17,16.3,1.0508209251955871,4.62,16.96,15.26,0.6287500584903654,49,30.8%,53.59%,36.01%,98.86,0.00,0.00,0,0.0,0.0,16.56,0.31,0.0,13.44,0.62,0.31,51.25,51.59,52.76,0.9588452905736995,52.19
112092,Franklin Build India Fund,Franklin ,Equity,Sectorial-Infrastructure,2.25%,1195.05,https://www.moneycontrol.com/mutual-funds/franklin-build-india-fund/portfolio-overview/MTE266,2 Stars,Sandeep Manam|Kiran Sebastian|Ajay Argal,13.64,-0.03,11.42,35.05,12.44,15.8,1.43,1.97,0.06,0.96,0.1,0.74,86.67,2009,2009-09-07,18.63,1.0184248090717565,11.8,22.58,17.24,0.664266651398929,36,31.81%,51.86%,32.89%,95.69,0.00,0.00,0,0.0,0.0,13.75,0.0,0.0,11.56,0.62,0.31,56.88,44.59,61.96,0.883257077862393,53.44
112117,Edelweiss Balanced Advantage Fund,Edelweiss,Hybrid,Balanced Advantage,1.74%,8756.15,https://www.moneycontrol.com/mutual-funds/edelweiss-balanced-advantage-fund-regular-plan/portfolio-overview/MEW051,2 Stars,Bhavesh Jain|Bharat Lahoti|Rahul Hemchand Dedhia,13.68,-0.49,2.56,16.43,9.87,10.95,1.12,1.55,-0.06,0.53,0.04,0.91,80.00,2009,2009-08-21,9.38,0.6121805956451007,3.42,15.19,11.69,0.5789830087333732,106,21.99%,34.21%,29%,76.22,0.65,0.00,17,1.33,7.11,2.5,0.0,0.0,4.38,0.0,0.0,49.69,10.19,90.18,0.9576575255192283,50.94
112152,Canara Robeco Consumer Trends,Canara Robeco,Equity,Sectorial-Consumption,2.27%,947.57,https://www.moneycontrol.com/mutual-funds/canara-robeco-consumer-trends-fund-regular-plan/portfolio-overview/MCA163,Not Rated,Ennettee Fernandes|Shridatta Bhandwaldar,13.61,0.25,6.37,24.31,13.21,15.99,1.13,1.56,0.0,0.84,0.04,0.79,80.00,2009,2009-09-15,15.87,1.000817209052846,8.55,21.93,17.45,0.6725302013554053,42,23.6%,39.03%,32.34%,96.66,0.00,0.00,0,0.0,0.0,12.81,0.31,0.0,11.56,1.25,0.0,51.88,35.03,64.42,0.9054227306702946,50.0
112277,Axis Blue Chip,Axis,Equity,Large Cap,1.56%,32615.26,https://www.moneycontrol.com/mutual-funds/axis-bluechip-fund-regular-plan/portfolio-overview/MAA009,1 Star,Shreyash Devalkar|Vinayak Jayanath,13.3,-1.83,-3.47,16.04,9.99,11.97,0.69,0.96,-0.09,0.89,-0.04,0.93,64.29,2010,2010-01-07,15.54,1.2898899837411064,-2.5,14.54,13.86,0.5972260239692612,36,37.72%,58.09%,42.74%,87.14,0.00,0.00,6,0.00,-,10.62,0.0,0.0,13.44,0.62,0.0,49.06,30.57,58.28,0.9671162689718217,44.69
112323,Axis Long Term Equity Fund,Axis,Equity,ELSS,1.58%,28267.18,https://www.moneycontrol.com/mutual-funds/axis-long-term-equity-fund-regular-plan/portfolio-overview/MAA011,1 Star,Jinesh Gopani,13.32,0.99,-7.39,16.4,7.9,15.23,0.66,0.9,-0.05,0.9,-0.04,0.81,78.57,2009,2009-12-31,16.72,1.648393275954393,-7.15,14.17,16.8,0.6694615465099495,36,39.42%,64.96%,34.08%,99.27,0.00,0.00,0,0.0,0.0,14.38,0.31,0.0,15.62,0.94,0.0,48.44,41.4,52.76,0.9022917701693383,47.19
112901,DSP Focused Fund,DSP,Equity,Focused,2.13%,1728.06,https://www.moneycontrol.com/mutual-funds/dsp-focus-fund-regular-plan/portfolio-overview/MDS281,2 Stars,Vinit Sambre|Jay Kothari,12.87,-1.95,-0.75,19.8,7.1,9.57,0.9,1.24,-0.04,0.84,-0.0,0.84,71.43,2010,2010-06-15,15.31,1.2203181443080737,-1.27,14.19,11.77,0.541583870215975,29,33.32%,52.21%,40.2%,99.19,0.00,0.00,0,0.0,0.0,11.88,0.0,0.0,13.75,0.31,0.0,53.12,37.58,52.76,0.904446852410641,45.31
112932,Mirae Asset Emerging Blue Chip,Mirae Asset,Equity,Large & Mid Cap,1.6%,23447.27,https://www.moneycontrol.com/mutual-funds/mirae-asset-emerging-bluechip-fund/portfolio-overview/MMA088,2 Stars,Neelesh Surana|Ankit Jain,12.79,-2.07,-0.83,27.13,13.5,19.64,1.25,1.73,0.03,0.89,0.05,0.88,71.43,2010,2010-07-12,15.92,1.1488748358437395,1.97,23.47,22.28,0.774526360959108,77,22.45%,34.77%,33.05%,99.88,0.00,0.00,0,0.0,0.0,12.81,0.0,0.0,11.88,0.62,0.0,49.69,33.76,61.35,0.9478704560979844,47.81
112936,Nippon India Equity Hybrid Fund,Nippon India,Hybrid,Aggressive Hybrid,2.05%,2775.89,https://www.moneycontrol.com/mutual-funds/nippon-india-equity-hybrid-fund/portfolio-overview/MRC100,2 Stars,Kinjal Desai|Sushil Budhia|Meenakshi Dawar|Akshay Sharma,12.93,-0.7,6.05,23.31,4.95,10.37,1.25,1.76,-0.01,0.76,0.05,0.94,71.43,2010,2010-05-21,13.14,0.7320890393546802,6.18,11.68,10.97,0.5285345939237043,66,25.13%,41.95%,28.53%,73.31,0.00,0.00,37,3.11,8.33,8.12,0.0,0.0,8.12,0.31,0.0,50.31,16.56,85.89,0.9841535393074775,51.88
112957,ICICI Prudential Nifty Next 50 Index Fund,ICICI Prudential,Index,Nifty Next 50,0.65%,2476.85,https://www.moneycontrol.com/mutual-funds/icici-prudential-nifty-next-50-index-fund/portfolio-overview/MPI751,Not Rated,Nishit Patel|Kayzad Eghlim,12.83,-8.1,-10.52,18.52,4.69,10.22,0.75,0.99,-0.03,0.85,-0.01,0.67,78.57,2010,2010-06-29,17.45,1.1899952797927817,1.98,17.22,13.15,0.5703107458078346,50,17.68%,32.75%,25.14%,99.96,0.00,0.00,0,0.0,0.0,16.25,0.31,0.0,15.62,1.56,0.31,53.75,45.22,53.99,0.8425539048375638,49.69
113064,Axis Triple Advantage Fund,Axis,Equity,Multi Asset Allocation,2.04%,1444.96,https://www.moneycontrol.com/mutual-funds/axis-triple-advantage-fund-regular-plan/portfolio-overview/MAA091,Not Rated,Hardik Shah|R. Sivakumar|Ashish Naik,12.67,-0.89,-3.51,15.62,8.76,8.88,0.8,1.11,-0.07,0.67,-0.0,0.87,78.57,2010,2010-08-27,12.1,1.0388761568619402,-1.68,13.94,9.99,0.49959824550556864,43,27.33%,45.06%,28.44%,72.33,0.00,0.00,14,2.49,7.46,7.5,0.0,0.0,9.06,0.31,0.0,50.31,19.75,77.3,0.9494813087053833,49.06
113177,Nippon India Small Cap Fund,Nippon India,Equity,Small Cap,1.62%,24490.83,https://www.moneycontrol.com/mutual-funds/nippon-india-small-cap-fund/portfolio-overview/MRC587,4 Stars,Kinjal Desai|Tejas Sheth|Samir Rachh|Akshay Sharma,12.6,2.05,6.97,46.29,15.0,20.01,1.97,2.72,0.09,0.78,0.22,0.55,78.57,2010,2010-09-21,17.56,1.201561722588199,14.28,36.35,23.43,0.7853718666391203,168,10.06%,17.18%,18.03%,95.97,0.00,0.00,0,0.0,0.0,14.38,0.31,0.0,13.12,1.25,0.31,59.06,42.04,64.42,0.805913189804398,53.44
113221,Canara Robeco Blue Chip,Canara Robeco,Equity,Large Cap,1.74%,8860.36,https://www.moneycontrol.com/mutual-funds/canara-robeco-blue-chip-equity-fund-regular-plan/portfolio-overview/MCA174,3 Stars,Vishal Mishra|Shridatta Bhandwaldar,12.68,-2.05,2.62,21.46,12.24,12.54,1.01,1.4,-0.05,0.9,-0.0,0.97,85.71,2010,2010-08-23,15.42,1.0550158716404432,2.75,19.24,14.84,0.6202492059286151,43,35.64%,52.97%,43.7%,95.60,0.00,0.00,0,0.0,0.0,12.5,0.0,0.0,12.81,0.31,0.0,48.44,26.11,60.12,0.9890186494610418,43.44
114458,Kotak Blue Chip,Kotak,Equity,Large Cap,1.8%,5375.91,https://www.moneycontrol.com/mutual-funds/kotak-bluechip-fund-regular-plan/portfolio-overview/MKM003,3 Stars,Harish Krishnan,12.31,-2.27,3.18,24.55,10.87,10.77,1.14,1.57,0.01,0.92,0.02,0.96,76.92,2011,2011-01-03,15.67,1.047236498784443,3.88,19.19,14.36,0.6057052533362252,58,29.23%,46.29%,40.58%,98.19,0.00,0.00,0,0.0,0.0,12.5,0.0,0.0,13.12,0.62,0.0,51.25,37.58,55.21,0.9815538787788959,46.56
114564,Axis Mid Cap Fund,Axis,Equity,Mid Cap,1.64%,18748.75,https://www.moneycontrol.com/mutual-funds/axis-mid-cap-fund-regular-plan/portfolio-overview/MAA099,2 Stars,Shreyash Devalkar|Vinayak Jayanath,12.17,0.91,-1.19,24.17,13.19,17.71,1.17,1.6,0.0,0.73,0.06,0.67,69.23,2011,2011-02-24,15.08,1.221460525462578,2.0,22.66,20.89,0.7660806147235362,63,16.94%,29.97%,24.24%,86.96,0.00,0.00,3,0.00,-,11.25,0.31,0.0,12.81,0.62,0.0,55.62,35.03,62.58,0.8570510517284986,49.06
114931,Mirae Asset Great Consumer Fund,Mirae Asset,Equity,Sectorial-Consumption,2.02%,2030.37,https://www.moneycontrol.com/mutual-funds/mirae-asset-great-consumer-fund-regular-plan/portfolio-overview/MMA090,Not Rated,Siddhant Chhabria|Ankit Jain,12.07,1.37,6.71,25.57,11.82,16.13,1.29,1.78,0.0,0.72,0.07,0.71,84.62,2011,2011-03-31,14.37,0.9151318329762691,9.82,20.15,18.44,0.7179954095401092,35,30.72%,49.58%,31.5%,98.71,0.00,0.00,0,0.0,0.0,12.5,0.0,0.0,9.69,0.94,0.0,51.88,24.2,64.42,0.8660220748562463,44.69
117560,Axis Focused 25 Fund,Axis,Equity,Focused,1.7%,14700.66,https://www.moneycontrol.com/mutual-funds/axis-focused-25-fund-regular-plan/portfolio-overview/MAA169,1 Star,Jinesh Gopani|Vinayak Jayanath,10.81,-0.21,-11.94,15.2,6.61,13.52,0.6,0.82,-0.07,0.94,-0.06,0.86,83.33,2012,2012-07-05,17.04,1.687760736773571,-8.73,13.64,16.11,0.6443380888865413,34,40.5%,64.25%,37.07%,85.57,13.03,0.00,4,0.00,-,13.12,0.62,0.0,15.62,0.94,0.0,46.56,37.58,50.92,0.9183497512031242,44.38
120576,SBI Consumption Opportunities Fund,SBI,Equity,Sectorial-Infrastructure,2.21%,1194.6,https://www.moneycontrol.com/mutual-funds/sbi-consumption-opportunities-fund/portfolio-overview/MSB492,Not Rated,Saurabh Pant|Mohit Jain,10.31,0.9,7.77,32.18,11.05,15.05,1.59,2.23,0.04,0.67,0.14,0.56,90.91,2013,2013-01-02,14.93,0.7194294490779584,18.5,23.42,17.21,0.6790920213621668,33,28.47%,45.29%,33.39%,91.44,0.00,0.00,0,0.0,0.0,10.31,0.0,0.0,7.81,0.94,0.0,56.88,29.3,74.23,0.8012420788640018,52.19
120577,SBI Technology Opportunities Fund,SBI,Equity,Sectorial-Technology,1.97%,2812.91,https://www.moneycontrol.com/mutual-funds/sbi-technology-opportunities-fund/portfolio-overview/MSB491,Not Rated,Saurabh Pant|Mohit Jain,10.29,-8.64,-5.51,31.67,17.93,19.14,1.31,1.96,0.03,0.71,0.13,0.43,72.73,2013,2013-01-09,18.19,1.5113297687511817,-1.86,30.76,21.06,0.7298644546089513,19,63.32%,81.45%,77.51%,86.26,0.00,6.91,0,0.0,0.0,17.5,0.62,0.0,19.06,2.5,0.0,49.06,41.4,46.63,0.7380283777643265,44.06
121366,ICICI Pru Nifty 50,ICICI Prudential,Index,Other  ETFs,0.05%,4942.63,https://www.moneycontrol.com/mutual-funds/icici-prudential-nifty-etf/portfolio-overview/MPI1312,3 Stars,Nishit Patel|Kayzad Eghlim,8.87,-2.64,3.82,25.69,,,1.13,1.59,0.15,1.0,0.02,1.0,83.33,2014,2014-06-12,16.75,0.9536945047930613,6.18,19.41,16.55,,50,40.6%,59.2%,49.55%,100.00,0.00,0.00,0,0.0,0.0,14.06,0.31,0.0,13.44,0.62,0.0,49.69,24.2,75.46,0.9998773716463458,50.31
122640,Parag Parikh Flexi Cap Fund,Parag Parikh,Equity,Flexi Cap,1.58%,31290.25,https://www.moneycontrol.com/mutual-funds/parag-parikh-flexi-cap-fund-regular-plan/portfolio-overview/MPP001,Not Rated,Rajeev Thakkar|Raunak Onkar|Rukun Tarachandani|Raj Mehta,9.91,3.8,6.1,30.41,16.97,18.38,1.57,2.26,0.03,0.64,0.13,0.56,81.82,2013,2013-05-28,14.24,1.0689039885573264,2.35,25.31,19.72,0.7799550173214214,43,33.79%,58.33%,37.5%,69.65,0.00,17.33,7,4.60,-,12.81,0.31,0.0,12.81,0.62,0.0,53.44,36.94,65.64,0.8120708840882345,51.56
125305,PGIM India Midcap Opportunities,PGIM India,Equity,Mid Cap,1.92%,7811.6,https://www.moneycontrol.com/mutual-funds/pgim-india-midcap-opportunities-fund/portfolio-overview/MPA137,4 Stars,Vinay Paharia|Puneet Pal|Vivek Sharma,9.39,-2.87,0.05,38.26,15.36,17.48,1.71,2.38,0.07,0.81,0.16,0.64,63.64,2013,2013-12-05,17.0,1.1643031091255411,7.38,37.65,19.18,0.6990224028609607,45,20.67%,36.71%,22.62%,94.34,0.00,0.00,1,4.41,-,13.75,0.31,0.0,12.19,0.94,0.0,54.06,40.13,61.35,0.8297130669236729,50.94
125306,PGIM India Mid Cap Opportunities Fund ,PGIM India,Equity,Mid Cap,1.92%,7811.6,https://www.moneycontrol.com/mutual-funds/pgim-india-midcap-opportunities-fund/portfolio-overview/MPA137,4 Stars,Vinay Paharia|Puneet Pal|Vivek Sharma,9.39,-10.93,-8.24,27.08,6.88,8.01,1.14,1.48,0.02,0.8,0.08,0.53,45.45,2013,2013-12-05,18.5,1.491979125786579,0.18,29.86,9.74,0.49444744946869246,45,20.67%,36.71%,22.62%,94.34,0.00,0.00,1,4.41,-,13.75,0.31,0.0,12.81,1.56,0.62,53.12,40.13,60.74,0.6829396524408802,50.62
125350,Axis Small cap,Axis,Equity,Small Cap,1.7%,11601.44,https://www.moneycontrol.com/mutual-funds/axis-small-cap-fund-regular-plan/portfolio-overview/MAA314,3 Stars,Shreyash Devalkar|Vinayak Jayanath,9.39,-0.17,2.7,34.53,17.34,22.8,1.72,2.42,0.05,0.64,0.17,0.52,81.82,2013,2013-12-05,15.05,0.9546858872691504,9.92,29.56,22.21,0.7915568725860965,83,18.02%,32.17%,26.02%,83.59,0.00,0.00,0,0.0,0.0,7.5,0.31,0.0,12.81,0.94,0.0,56.25,28.66,71.78,0.7858937646838324,50.62
125494,SBI Small Cap,SBI,Equity,Small Cap,1.68%,15590.43,https://www.moneycontrol.com/mutual-funds/sbi-small-cap-fund/portfolio-overview/MSA012,Not Rated,R. Srinivasan|Mohit Jain,9.44,0.61,5.93,36.31,13.6,26.32,1.82,2.58,0.05,0.61,0.19,0.48,81.82,2013,2013-11-18,14.73,0.9126676908868651,12.09,30.64,26.5,0.8541302032466029,54,16.42%,29.4%,26.26%,86.03,0.00,0.00,0,0.0,0.0,10.0,0.31,0.0,9.69,0.62,0.0,55.62,29.3,73.62,0.7394692721816363,51.88
127039,Motilal Oswal Midcap 30 Fund,Motilal Oswal,Equity,Mid Cap,1.9%,3800.72,https://www.moneycontrol.com/mutual-funds/motilal-oswal-midcap-30-fund-regular-plan/portfolio-overview/MMO025,5 Stars,Niket Shah|Ankush Sood,9.16,0.01,9.0,38.11,13.94,19.82,1.67,2.36,0.06,0.76,0.17,0.55,80.00,2014,2014-02-25,17.13,0.9496220030909791,21.04,27.92,18.53,0.6826809628069077,35,30.89%,52.73%,30.67%,94.66,0.24,0.00,0,0.0,0.0,16.56,0.0,0.0,13.12,1.56,0.0,54.38,39.49,66.26,0.7531936718115511,53.12
129048,Motilal Oswal Flexi Cap Fund,Motilal Oswal,Equity,Flexi Cap,1.8%,8080.63,https://www.moneycontrol.com/mutual-funds/motilal-oswal-flexi-cap-fund-regular-plan/portfolio-overview/MMO029,1 Star,Niket Shah|Rakesh Shetty|Siddharth Bothra,8.99,-3.22,-2.34,15.87,2.95,14.12,0.65,0.88,-0.07,0.9,-0.05,0.87,70.00,2014,2014-04-29,16.17,1.2716398772210504,-2.86,10.91,13.28,0.5759240276568143,36,36.13%,54.98%,36.33%,95.14,0.14,0.00,0,0.0,0.0,11.88,0.0,0.0,12.81,0.94,0.0,49.06,37.58,58.9,0.9311678531826857,48.44
129310,ICICI Prudential Dividend Yield Equity Fund,ICICI Prudential,Equity,Dividend Yield,2.12%,1302.53,https://www.moneycontrol.com/mutual-funds/icici-prudential-dividend-yield-equity-fund-regular-plan/portfolio-overview/MPI2056,Not Rated,Sharmila D’mello|Mittul Kalawadia,8.87,-1.01,7.31,34.86,10.37,12.55,1.73,2.44,0.06,0.78,0.14,0.72,70.00,2014,2014-06-12,15.49,0.8253176164556544,13.86,24.31,13.69,0.5918170191398033,43,31.05%,51.6%,35.55%,92.34,0.00,0.00,2,0.03,0.07,11.88,0.0,0.0,10.94,0.31,0.0,50.31,37.58,66.26,0.9325523739654125,52.19
130492,DSP Global Innovation FOF,DSP,Equity,FOF-Global,2%,445.71,https://www.moneycontrol.com/mutual-funds/dsp-global-innovation-fund-of-fund-regular-plan/portfolio-overview/MDS1572,Not Rated,Kedar Karnik|Jay Kothari,8.67,0.78,3.94,8.31,7.43,6.64,0.29,0.41,-0.05,0.27,0.03,0.16,80.00,2014,2014-08-25,11.57,0.8536030947796099,-5.13,9.11,7.03,0.37973168044653804,,,,,,,,,,,9.77,0.0,0.0,11.07,0.0,0.0,50.16,25.0,67.92,0.4504630521553284,47.23
130496,HDFC Large & Mid Cap,HDFC,Equity,Large & Mid Cap,1.81%,8056.74,https://www.moneycontrol.com/mutual-funds/hdfc-large-and-mid-cap-fund/portfolio-overview/MMS001,4 Stars,Priya Ranjan|Gopal Agrawal,8.82,-1.5,4.85,31.3,12.74,10.79,1.36,1.87,0.05,0.94,0.08,0.83,70.00,2014,2014-06-30,17.24,1.0199027187098977,9.98,23.68,12.55,0.5579923372493222,157,17.9%,27.31%,25.94%,98.61,0.00,0.00,0,0.0,0.0,14.38,0.31,0.0,13.44,0.94,0.31,53.75,47.77,57.06,0.9353553553829427,52.5
130502,HDFC Small Cap Fund,HDFC,Equity,Small Cap,1.71%,14962.63,https://www.moneycontrol.com/mutual-funds/hdfc-small-cap-fund/portfolio-overview/MMS002,3 Stars,Chirag Setalvad,8.82,2.99,10.3,42.56,11.26,17.05,1.82,2.55,0.07,0.75,0.21,0.51,80.00,2014,2014-06-30,17.53,1.3276201072097362,9.27,27.87,17.68,0.6760204539539787,73,19.51%,32.62%,17.02%,92.01,0.00,0.00,0,0.0,0.0,13.75,0.62,0.0,13.44,1.56,0.0,57.5,38.22,68.1,0.7702341578920318,53.44
131666,Aditya Birla Sun Life Balanced Advantage Fund,Aditya Birla,Hybrid,Balanced Advantage,0.42%,6275.6,https://www.moneycontrol.com/mutual-funds/aditya-birla-sun-life-balanced-advantage-fund-regular-plan-/portfolio-overview/MIN007,2 Stars,Lovelish Solanki|Mohit Sharma|Vishal Gajwani,8.53,-0.58,4.75,16.5,8.36,9.81,1.15,1.59,-0.05,0.5,0.04,0.88,90.00,2014,2014-10-13,9.07,0.4925944639888114,3.51,12.58,10.7,0.5264007192356754,112,20.26%,29.78%,27%,67.62,0.00,0.00,32,1.46,7.98,2.19,0.0,0.0,3.12,0.0,0.0,51.88,7.01,93.25,0.976897342974742,50.94
132757,Tata India Tax Savings Fund,Tata,Equity,ELSS,1.9%,3073.01,https://www.moneycontrol.com/mutual-funds/tata-india-tax-savings-fund-regular-plan/portfolio-overview/MTA1113,3 Stars,Tejas Gutka,8.53,-3.33,2.59,24.49,9.78,13.42,1.08,1.5,0.01,0.96,0.02,0.93,80.00,2014,2014-10-14,16.61,0.9899269880924327,7.12,19.07,14.84,0.6099249424507258,54,28.9%,45.31%,34.25%,98.16,0.00,0.00,0,0.0,0.0,14.38,0.0,0.0,12.19,0.62,0.0,50.94,42.04,60.74,0.9667264724205035,51.56
133036,Kotak Equity Hybrid Fund,Motilal Oswal,Hybrid,Aggressive Hybrid,1.87%,3326.97,https://www.moneycontrol.com/mutual-funds/kotak-equity-hybrid-regular-plan/portfolio-overview/MKM897,5 Stars,Pankaj Tibrewal|Abhishek Bisen,8.47,-0.44,4.28,24.51,11.15,10.86,1.49,2.07,-0.0,0.65,0.08,0.88,80.00,2014,2014-11-05,11.55,0.7124047446887023,6.33,18.95,12.38,0.5751457787239718,60,17.64%,27.5%,23.23%,71.92,0.00,0.00,43,3.01,7.65,5.62,0.0,0.0,5.62,0.31,0.0,55.0,19.11,84.05,0.9509539991960811,52.19
133385,Motilal Oswal Long Term Equity Fund,Motilal Oswal,Equity,ELSS,1.97%,2190.84,https://www.moneycontrol.com/mutual-funds/motilal-oswal-long-term-equity-fund-regular-plan/portfolio-overview/MMO033,3 Stars,Rakesh Shetty|Aditya Khemani,8.26,-0.01,7.05,24.35,8.08,13.04,1.08,1.48,0.0,0.89,0.03,0.82,77.78,2015,2015-01-22,16.53,1.2791650180075018,2.68,17.34,14.92,0.6113813858204328,32,28.83%,48.21%,33.81%,100.03,0.00,0.00,0,0.0,0.0,14.38,0.0,0.0,14.69,0.94,0.0,54.06,46.5,56.44,0.9165475018857429,51.56
133836,PGIM India Flexi Cap,PGIM,Equity,Flexi Cap,1.94%,5310.35,https://www.moneycontrol.com/mutual-funds/pgim-india-flexi-cap-fund-regular-plan/portfolio-overview/MPA157,3 Stars,A. Anandha Padmanabhan|Vinay Paharia|Puneet Pal|Ojasvi Khicha,8.13,-2.54,-3.35,28.91,12.79,12.56,1.39,1.91,0.02,0.85,0.07,0.82,66.67,2015,2015-03-09,15.88,1.3395225042235968,-0.56,26.11,16.69,0.650927630515544,40,24.28%,40.39%,22.99%,96.39,0.00,0.00,1,0.00,-,12.19,0.0,0.0,13.75,0.94,0.0,48.12,33.76,62.58,0.9307348029843445,48.44
133858,SBI Banking and Financial Services Fund,SBI,Equity,Sectorial-Banking,1.91%,3766.94,https://www.moneycontrol.com/mutual-funds/sbi-banking-financial-services-fund-regular-plan/portfolio-overview/MSB1099,Not Rated,Millind Agarwal|Mohit Jain,8.14,-3.83,6.78,23.8,10.33,12.16,0.85,1.21,0.0,1.15,-0.03,0.8,77.78,2015,2015-03-05,21.53,1.278897865147623,4.54,15.18,18.06,0.6481639039263176,21,52.38%,75.77%,79.66%,97.85,0.00,0.00,0,0.0,0.0,17.81,0.62,0.0,15.0,1.25,0.31,49.38,55.41,49.08,0.8998514422616603,52.19
134815,Mirae Asset Hybrid Equity Fund,Mirae Asset,Hybrid,Aggressive Hybrid,1.76%,6949.27,https://www.moneycontrol.com/mutual-funds/mirae-asset-hybrid-equity-fund-regular-plan/portfolio-overview/MMA144,3 Stars,Vrijesh Kasera|Mahendra Jajoo|Harshad Borawake,7.74,-1.61,2.37,19.09,10.4,11.18,1.04,1.44,-0.05,0.71,0.02,0.95,77.78,2015,2015-07-30,12.25,0.8098777941442168,3.18,15.41,13.87,0.617118452612764,65,23.36%,35.05%,27.7%,74.70,0.00,0.00,59,2.81,7.76,6.25,0.0,0.0,6.88,0.31,0.0,49.69,12.1,84.66,0.9751537871948304,49.06
135784,Mirae Asset Tax Saver Fund,Mirae Asset,Equity,ELSS,1.64%,14448.5,https://www.moneycontrol.com/mutual-funds/mirae-asset-tax-saver-fund-regular-plan/portfolio-overview/MMA148,3 Stars,Neelesh Surana,7.32,-1.96,0.27,27.46,13.31,16.97,1.25,1.74,0.04,0.93,0.04,0.93,77.78,2015,2015-12-29,16.22,1.0803865834259947,3.03,22.72,20.37,0.724176105017574,65,32.02%,46.62%,39.05%,99.33,0.00,0.00,0,0.0,0.0,12.5,0.0,0.0,12.19,0.62,0.0,49.69,36.31,59.51,0.9727714870436599,48.12
135794,Tata Banking and Financial Services Fund,Tata,Equity,Sectorial-Banking,2.12%,1276.87,https://www.moneycontrol.com/mutual-funds/tata-banking-and-financial-services-fund-regular-plan/portfolio-overview/MTA1141,Not Rated,Amey Sathe,7.32,-3.84,14.36,23.51,9.7,15.21,0.86,1.22,0.0,1.12,-0.02,0.81,88.89,2015,2015-12-29,20.74,1.3885990211995967,5.13,14.35,17.18,0.6358408101324209,28,49.88%,67.05%,76.84%,97.28,0.00,0.00,0,0.0,0.0,19.38,0.31,0.0,16.25,0.94,0.31,52.5,54.78,48.47,0.9019604075984524,51.56
135797,Tata Digital India Fund,Tata,Equity,Sectorial-Technology,1.74%,6781.12,https://www.moneycontrol.com/mutual-funds/tata-digital-india-fund-regular-plan/portfolio-overview/MTA1145,Not Rated,Meeta Shetty|Arvindkumar K. Chetty,7.32,-8.69,-14.84,33.8,16.86,16.45,1.28,1.9,0.03,0.79,0.13,0.42,55.56,2015,2015-12-29,20.24,1.7209320060330775,-6.4,32.45,23.35,0.7574807390682735,36,66.47%,80.92%,86.11%,91.52,0.00,4.61,0,0.0,0.0,18.44,0.62,0.0,20.62,2.81,0.0,48.44,42.68,45.4,0.7730485677039649,44.06
135804,Tata India Consumer Fund,Tata,Equity,Sectorial-Consumption,2.15%,1352.33,https://www.moneycontrol.com/mutual-funds/tata-india-consumer-fund-regular-plan/portfolio-overview/MTA1149,Not Rated,Sonam Udasi,7.32,1.42,1.56,20.46,7.94,14.63,0.94,1.31,-0.02,0.7,0.04,0.61,66.67,2015,2015-12-29,15.15,1.1545253134234017,6.61,18.47,18.13,0.6927700357028872,30,37%,58.35%,31.16%,95.05,0.00,0.00,1,0.00,-,13.44,0.31,0.0,12.81,0.62,0.0,50.31,35.67,58.9,0.8194434833707012,47.5
135812,Tata India Pharma & Healthcare Fund,Tata,Equity,Sectorial-Healthcare,2.43%,493.44,https://www.moneycontrol.com/mutual-funds/tata-india-pharma-healthcare-fund-regular-plan/portfolio-overview/MTA1153,Not Rated,Meeta Shetty,7.32,-0.32,-3.7,14.52,13.2,7.18,0.6,0.88,-0.03,0.43,0.05,0.23,44.44,2015,2015-12-29,15.24,1.0563184389735705,-4.38,23.47,10.75,0.5184175114668796,26,50.52%,70.93%,94.23%,94.83,0.00,0.00,0,0.0,0.0,8.75,0.0,0.0,9.38,0.31,0.0,47.19,21.02,66.87,0.6620195900508827,44.38
138308,PGIM India Large Cap,PGIM India,Equity,Large Cap,2.5%,432.28,https://www.moneycontrol.com/mutual-funds/pgim-india-large-cap-fund-regular-plan/portfolio-overview/MDE001,2 Stars,Vinay Paharia|Bhupesh Kalyani|Vivek Sharma,7.13,-2.19,3.95,20.65,8.63,11.2,0.94,1.3,-0.05,0.9,-0.01,0.94,75.00,2016,2016-03-08,15.48,1.2026184968765472,1.1,15.17,12.49,0.5594754483832609,33,34.83%,53.13%,37.67%,94.92,0.00,0.00,1,0.00,-,11.56,0.0,0.0,10.94,0.31,0.0,49.38,35.03,57.06,0.9786513240011501,46.25
138382,PGIM India Hybrid Equity Fund,PGIM India,Hybrid,Aggressive Hybrid,2.38%,218.59,https://www.moneycontrol.com/mutual-funds/pgim-india-hybrid-equity-fund-regular-plan/portfolio-overview/MDE029,2 Stars,Vinay Paharia|Puneet Pal|Vivek Sharma|Ojasvi Khicha,7.13,-0.36,3.69,17.6,6.89,8.99,0.93,1.26,-0.05,0.67,0.01,0.84,75.00,2016,2016-03-08,12.32,1.2307567893763127,-2.18,11.94,9.04,0.4696337797824963,37,26.98%,37.68%,28.14%,67.39,0.00,0.00,5,0.17,7.41,7.81,0.0,0.0,9.06,0.31,0.0,52.19,28.03,76.69,0.9341936406330176,52.81
138523,PGIM India Global Equity Opportunities Fund,PGIM India,Equity,FOF-Global,2.46%,1409.86,https://www.moneycontrol.com/mutual-funds/pgim-india-global-equity-opportunities-fund/portfolio-overview/MDE284,Not Rated,Rahul Jagwani,7.13,9.56,0.86,10.75,13.46,12.24,0.32,0.45,-0.02,0.38,0.06,0.06,87.50,2016,2016-03-08,25.63,2.5407927711984915,-22.02,14.65,14.73,0.5878686414505916,,,,,,,,,,,25.31,4.69,0.94,28.75,4.38,0.31,45.94,41.4,55.83,0.2920535464447624,48.75
141644,Axis Balanced Advantage Fund,Axis,Hybrid,Balanced Advantage,2%,2022.4,https://www.moneycontrol.com/mutual-funds/axis-balanced-advantage-fund-regular-plan/portfolio-overview/MAA731,Not Rated,Hardik Shah|R. Sivakumar|Ashish Naik,5.72,-1.04,2.6,10.79,6.1,7.06,0.68,0.94,-0.08,0.47,0.01,0.9,71.43,2017,2017-08-07,8.68,0.5926391447426238,2.47,9.03,8.07,,76,26.47%,41.11%,27.28%,68.09,-11.30,0.00,28,2.28,7.74,1.88,0.0,0.0,3.75,0.0,0.0,45.94,7.01,90.8,0.9628937091777416,49.69
141927,Axis Flexi Cap Fund,Axis,Equity,Flexi Cap,1.75%,9946.57,https://www.moneycontrol.com/mutual-funds/axis-flexicap-fund-regular-plan/portfolio-overview/MAA739,1 Star,Shreyash Devalkar|Vinayak Jayanath,5.42,-1.45,-5.17,16.76,9.95,11.08,0.74,1.02,-0.06,0.87,-0.03,0.89,71.43,2017,2017-11-24,15.77,1.3606033674470122,-2.69,15.72,14.99,,59,35.81%,49.28%,38.51%,85.99,0.00,0.00,3,0.00,-,10.94,0.31,0.0,13.12,0.62,0.0,48.12,30.57,60.74,0.9482053970728392,45.94
143785,Mirae Asset Healthcare Fund,Mirae Asset,Equity,Sectorial-Healthcare,2.07%,1513.4,https://www.moneycontrol.com/mutual-funds/mirae-asset-healthcare-fund-regular-plan/portfolio-overview/MMA143,Not Rated,Vrijesh Kasera,4.81,-0.82,-6.93,16.08,,,0.68,1.0,-0.03,0.49,0.05,0.28,66.67,2018,2018-07-03,15.61,1.1192144613521497,-5.59,27.82,23.35,,28,51.42%,74.51%,92.91%,99.16,0.00,0.00,0,0.0,0.0,9.38,0.0,0.0,9.38,0.31,0.0,49.38,21.66,65.64,0.7015908856769835,44.06
143873,ICICI Prudential Pharma Healthcare & Diagnostic Fund,ICICI Prudential,Equity,Sectorial-Healthcare,2.06%,2594.59,https://www.moneycontrol.com/mutual-funds/icici-prudential-pharma-healthcare-and-diagnostics-p-h-d-fund-regular-plan/portfolio-overview/MPI3739,Not Rated,Dharmesh Kakkad|Sharmila D’mello,4.78,2.16,-1.68,16.64,,,0.77,1.11,-0.03,0.45,0.06,0.26,83.33,2018,2018-07-16,15.07,1.0857203878949957,-5.08,25.6,22.32,,34,38.16%,57.83%,91.17%,96.15,0.00,1.44,1,0.06,0.07,9.06,0.0,0.0,9.06,0.31,0.0,46.25,17.83,69.33,0.6969934960095393,44.06
144333,Kotak Balanced Advantage Fund,Kotak,Hybrid,Balanced Advantage,1.61%,14189.83,https://www.moneycontrol.com/mutual-funds/kotak-balanced-advantage-fund-regular-plan/portfolio-overview/MKM1177,Not Rated,Abhishek Bisen|Harish Krishnan|Hiten Shah,4.71,0.29,5.52,15.95,,,1.27,1.77,-0.05,0.41,0.06,0.84,100.00,2018,2018-08-10,7.57,0.4385987765282707,4.05,12.06,11.6,,97,17.09%,27.8%,22.94%,69.32,0.00,0.00,50,2.75,7.75,2.19,0.0,0.0,3.44,0.0,0.0,52.19,5.1,94.48,0.9613141351443739,50.62
144393,Axis Equity Hybrid Fund,Axis,Hybrid,Aggressive Hybrid,2.1%,1667.72,https://www.moneycontrol.com/mutual-funds/axis-equity-hybrid-fund-regular-plan/portfolio-overview/MAA767,1 Star,R. Sivakumar|Aditya Pagaria|Ashish Naik,4.69,-1.08,-3.12,16.42,,,0.9,1.24,-0.08,0.7,-0.0,0.91,50.00,2018,2018-08-16,12.63,1.02796019052722,0.08,13.59,14.26,,43,26.63%,44.19%,27.69%,72.32,0.53,0.00,25,3.11,7.78,8.12,0.0,0.0,8.44,0.31,0.0,46.88,18.47,76.69,0.9587413471138329,48.12
144548,Tata Flexi Cap Fund,Tata,Equity,Flexi Cap,2.05%,2086.56,https://www.moneycontrol.com/mutual-funds/tata-flexi-cap-fund-regular-plan/portfolio-overview/MTA1329,2 Stars,Amey Sathe|Abhinav Sharma,4.62,-2.27,-2.8,18.26,,,0.83,1.12,-0.05,0.83,-0.01,0.87,66.67,2018,2018-09-10,14.96,1.0936420022298614,0.82,15.6,14.63,,44,31.2%,45.03%,35.76%,95.28,0.00,0.00,0,0.0,0.0,11.56,0.0,0.0,12.5,0.62,0.0,51.56,29.94,59.51,0.9434159127892107,45.0
144730,Motilal Oswal Equity Hybrid Fund,Motilal Oswal,Hybrid,Aggressive Hybrid,2.42%,386.04,https://www.moneycontrol.com/mutual-funds/motilal-oswal-equity-hybrid-fund-regular-plan/portfolio-overview/MMO045,3 Stars,Rakesh Shetty|Siddharth Bothra,4.6,-1.27,4.08,14.94,,,0.78,1.07,-0.07,0.65,-0.0,0.88,83.33,2018,2018-09-18,11.66,0.7844090443158153,2.55,12.98,13.29,,29,25.02%,38.4%,27.26%,67.44,0.00,0.00,7,0.92,7.91,6.88,0.0,0.0,8.12,0.31,0.0,50.94,21.66,80.98,0.9419278060214504,51.88
145112,Axis Growth Opportunities Fund,Axis,Equity,Large & Mid Cap,1.75%,7909.1,https://www.moneycontrol.com/mutual-funds/axis-growth-opportunities-fund-regular-plan/portfolio-overview/MAA800,Not Rated,Jinesh Gopani|Vinayak Jayanath,4.5,1.78,-5.0,24.74,,,1.25,1.71,-0.01,0.71,0.06,0.66,66.67,2018,2018-10-26,14.79,1.2774414471894135,-0.06,22.18,21.96,,82,26.61%,43.69%,44.64%,76.83,0.00,18.95,0,0.0,0.0,11.56,0.31,0.0,14.38,0.94,0.0,51.88,37.58,63.8,0.836045613331258,50.94
145208,Tata Small Cap Fund,Tata,Equity,Small Cap,1.91%,3512.34,https://www.moneycontrol.com/mutual-funds/tata-small-cap-fund-regular-plan/portfolio-overview/MTA1307,5 Stars,Satish Chandra Mishra|Chandraprakash Padiyar,4.45,0.47,11.91,42.76,,,1.99,2.8,0.07,0.65,0.23,0.46,83.33,2018,2018-11-13,15.96,1.0910825081058477,12.28,32.46,28.65,,48,17.82%,32.77%,16.27%,86.15,0.00,0.00,0,0.0,0.0,10.62,0.31,0.0,10.94,1.25,0.0,57.5,33.12,69.94,0.7313760277039683,51.88
145456,DSP Healthcare Fund,DSP,Equity,Sectorial-Healthcare,2.14%,1202.1,https://www.moneycontrol.com/mutual-funds/dsp-healthcare-fund-regular-plan/portfolio-overview/MDS1485,Not Rated,Chirag Dagli|Vinit Sambre|Jay Kothari,4.39,-1.16,-1.49,19.3,,,0.92,1.35,-0.02,0.45,0.08,0.28,66.67,2018,2018-12-03,14.41,1.281217461480889,-4.28,27.7,26.88,,23,45.63%,69.05%,89.96%,88.99,0.00,9.34,0,0.0,0.0,9.06,0.31,0.0,10.62,0.31,0.0,47.81,22.93,68.71,0.6634742784286719,46.25
145896,India Opportunities Fund,ICICI Prudential,Equity,Thematic,1.78%,7776.32,https://www.moneycontrol.com/mutual-funds/icici-prudential-india-opportunities-fund-regular-plan/portfolio-overview/MPI4087,Not Rated,Sharmila D’mello|Sankaran Naren|Roshan Chutkey,4.27,-2.18,7.03,37.01,,,1.61,2.28,0.07,0.85,0.15,0.65,80.00,2019,2019-01-16,17.95,0.7985443183816145,18.05,27.56,25.67,,44,34.1%,52.25%,29.81%,91.85,0.00,1.38,1,0.02,0.07,8.75,0.0,0.0,8.44,0.62,0.0,54.06,42.04,69.33,0.8452477608309357,55.94
146007,Tata Balanced Advantage Fund,Tata,Hybrid,Balanced Advantage,1.77%,6472.91,https://www.moneycontrol.com/mutual-funds/tata-balanced-advantage-fund-regular-plan/portfolio-overview/MTA1346,Not Rated,Akhil Mittal|Sailesh Jain|Rahul Singh,4.24,-0.05,5.02,15.91,,,1.25,1.73,-0.05,0.43,0.05,0.91,100.00,2019,2019-01-29,7.61,0.41081870946584426,5.53,13.36,12.79,,69,17.68%,27.95%,22.94%,66.34,0.39,0.00,64,1.77,7.72,1.88,0.0,0.0,2.81,0.0,0.0,52.5,9.55,93.87,0.9668286115577926,52.5
146127,Canara Robeco Small Cap Fund,Canara Robeco,Equity,Small Cap,1.84%,5106.04,https://www.moneycontrol.com/mutual-funds/canara-robeco-small-cap-fund-regular-plan/portfolio-overview/MCA310,4 Stars,Ajay Khandelwal|Shridatta Bhandwaldar,4.18,-1.2,-2.64,43.57,,,1.96,2.76,0.08,0.73,0.22,0.52,60.00,2019,2019-02-19,17.02,0.9897247280316652,14.84,38.9,39.28,,81,11.58%,20.66%,14.18%,94.76,0.00,0.00,0,0.0,0.0,11.56,0.31,0.0,13.44,0.94,0.0,54.69,34.39,68.1,0.7887387125944396,51.56
146379,DSP Nifty 50 Index Fund,DSP,Index,Nifty 50,0.43%,299.87,https://www.moneycontrol.com/mutual-funds/dsp-nifty-50-index-fund-regular-plan/portfolio-overview/MDS1528,2 Stars,Diipesh Shah|Anil Ghelani,4.17,-2.74,3.41,25.02,,,1.1,1.55,0.1,1.0,0.01,1.0,80.00,2019,2019-02-22,16.72,0.9681680225971051,5.71,18.65,17.33,,50,40.62%,59.22%,49.57%,100.01,0.00,0.00,0,0.0,0.0,14.06,0.31,0.0,13.44,0.62,0.0,49.06,21.66,38.04,0.999872470714906,30.0
146380,DSP Nifty Next 50 Index Fund,DSP,Index,Nifty Next 50,0.59%,238.38,https://www.moneycontrol.com/mutual-funds/dsp-nifty-next-50-index-fund-regular-plan/portfolio-overview/MDS1529,Not Rated,Diipesh Shah|Anil Ghelani,4.17,-8.05,-10.33,18.77,,,0.76,1.01,-0.03,0.85,-0.01,0.67,80.00,2019,2019-02-22,17.45,1.1781481488384231,2.3,17.4,16.09,,50,17.68%,32.77%,25.15%,100.01,0.00,0.00,0,0.0,0.0,16.25,0.31,0.0,15.62,1.56,0.31,53.75,45.22,53.99,0.8425304618439386,49.69
146644,SBI Equity Minimum Variance Fund,SBI,Equity,Thematic,0.74%,136.09,https://www.moneycontrol.com/mutual-funds/sbi-equity-minimum-variance-fund-regular-plan/portfolio-overview/MSB1541,Not Rated,Raviprakash Sharma|Mohit Jain,4.08,-1.54,6.53,25.32,,,1.29,1.84,0.0,0.75,0.06,0.8,80.00,2019,2019-03-27,14.12,0.8292967054144719,7.11,20.15,20.08,,50,38.97%,61.49%,46.55%,99.97,0.00,0.00,0,0.0,0.0,10.94,0.0,0.0,10.31,0.31,0.0,54.06,29.94,66.87,0.9157547372819547,48.75
146950,ICICI Prudential BHARAT Consumption Fund,ICICI Prudential,Equity,Sectorial-Consumption,2.2%,1863.91,https://www.moneycontrol.com/mutual-funds/icici-prudential-bharat-consumption-fund-regular-plan/portfolio-overview/MPI4313,Not Rated,Dharmesh Kakkad|Sri Sharma|Sharmila D’mello|Sankaran Naren|Priyanka Khandelwal,4.03,0.89,7.66,22.07,,,1.13,1.57,-0.01,0.69,0.05,0.65,100.00,2019,2019-04-15,14.58,0.8056747222161381,14.25,,,,50,33.17%,48.85%,38.45%,94.76,0.00,0.00,3,0.05,0.07,9.38,0.0,0.0,7.19,0.31,0.0,50.62,23.57,77.3,0.8411788360172373,50.94
147203,Mirae Asset Focused Fund,Mirae Asset,Equity,Focused,1.76%,8459.34,https://www.moneycontrol.com/mutual-funds/mirae-asset-focused-fund-regular-plan/portfolio-overview/MMA171,2 Stars,Gaurav Misra,3.95,-3.94,-5.36,25.45,,,1.17,1.63,0.01,0.89,0.04,0.88,60.00,2019,2019-05-15,15.95,1.186209256279909,-0.63,,,,30,39.8%,57.95%,41.71%,99.43,0.00,0.00,0,0.0,0.0,12.5,0.0,0.0,12.81,0.62,0.0,47.5,36.94,57.06,0.9466682191418867,47.19
147345,ICICI Prudential MNC Fund,ICICI Prudential,Equity,Thematic,2.16%,1285.71,https://www.moneycontrol.com/mutual-funds/icici-prudential-mnc-fund-regular-plan/portfolio-overview/MPI4429,Not Rated,Sharmila D’mello|Roshan Chutkey,3.85,-1.31,1.4,29.34,,,1.68,2.38,0.04,0.65,0.13,0.69,80.00,2019,2019-06-18,13.34,0.8963004408648442,5.98,,,,54,27.89%,42.19%,41.08%,91.00,0.00,3.03,0,0.0,0.0,8.75,0.0,0.0,8.75,0.31,0.0,50.62,22.29,68.71,0.8810065363223821,45.94
147479,Mirae Asset Mid Cap Fund,Mirae Asset,Equity,Mid Cap,1.76%,8851.82,https://www.moneycontrol.com/mutual-funds/mirae-asset-midcap-fund-regular-plan/portfolio-overview/MMA175,3 Stars,Ankit Jain,3.74,-2.78,-0.11,33.55,,,1.53,2.1,0.05,0.82,0.12,0.7,80.00,2019,2019-07-30,16.58,1.0681950522168033,6.77,,,,58,17.63%,30.33%,19.96%,97.55,0.00,0.00,0,0.0,0.0,12.19,0.31,0.0,12.5,0.62,0.0,54.38,37.58,63.19,0.8603104095150584,50.62
147619,Motilal Oswal Nifty Bank Index Fund,Motilal Oswal,Equity,Bank Nifty Index,1.01%,365.33,https://www.moneycontrol.com/mutual-funds/motilal-oswal-nifty-bank-index-fund-regular-plan/portfolio-holdings/MMO062,Not Rated,Swapnil Mayekar,3.62,-1.67,16.73,27.96,,,0.91,1.32,0.02,1.26,-0.01,0.75,80.00,2019,2019-09-11,24.39,1.2238616978078662,9.77,,,,12,81.72%,97.05%,99.55%,99.56,0.00,0.00,0,0.0,0.0,18.75,1.25,0.0,15.62,1.88,0.31,54.69,51.59,49.08,0.8826017672095294,50.31
147760,Tata Focused Equity Fund,Tata,Equity,Focused,2.11%,1217.45,https://www.moneycontrol.com/mutual-funds/tata-focused-equity-fund-regular-plan/portfolio-overview/MTA1359,3 Stars,Meeta Shetty|Arvindkumar K. Chetty,3.38,-4.05,0.89,25.38,,,1.12,1.57,0.02,0.96,0.02,0.93,80.00,2019,2019-12-06,16.68,1.0289079569627841,4.86,,,,30,38.65%,58.57%,40.45%,95.82,0.00,0.00,0,0.0,0.0,13.75,0.0,0.0,12.81,0.62,0.0,50.31,45.22,53.99,0.969354269420666,49.69
147795,Motilal Oswal Nifty 50 Index Fund,Motilal Oswal,Index,Nifty 50,0.6%,247.67,https://www.moneycontrol.com/mutual-funds/motilal-oswal-nifty-50-index-fund-regular-plan/portfolio-overview/MMO073,1 Star,Swapnil Mayekar,3.33,-2.79,3.24,24.84,,,1.09,1.54,0.08,0.99,0.01,1.0,80.00,2019,2019-12-26,16.64,0.9744760148617571,5.53,,,,50,40.7%,59.35%,49.67%,100.20,0.00,0.00,0,0.0,0.0,14.06,0.31,0.0,13.44,0.62,0.0,49.06,24.2,22.7,0.9998740142168925,23.44
147797,Motilal Oswal Nifty Next 50 Index Fund,Motilal Oswal,Index,Nifty Next 50,0.98%,118.55,https://www.moneycontrol.com/mutual-funds/motilal-oswal-nifty-next-50-index-fund-regular-plan/portfolio-overview/MMO075,Not Rated,Swapnil Mayekar,3.33,-8.08,-10.61,17.92,,,0.72,0.95,-0.03,0.85,-0.02,0.67,80.00,2019,2019-12-26,17.38,1.1975988223575187,1.74,,,,50,17.68%,32.76%,25.14%,100.02,0.00,0.00,0,0.0,0.0,15.94,0.31,0.0,15.62,1.56,0.31,53.75,44.59,53.99,0.8426805983460307,49.38
147929,Axis ESG Fund,Axis,Equity,Thematic,2.1%,1460.59,https://www.moneycontrol.com/mutual-funds/axis-esg-equity-fund-regular-plan/portfolio-overview/MAA903,Not Rated,Hitesh Das|Jinesh Gopani|Vinayak Jayanath,3.18,0.89,-3.29,16.69,,,0.78,1.08,-0.05,0.74,-0.01,0.73,75.00,2020,2020-02-18,14.8,1.4559988584302492,-5.42,,,,59,35.05%,59.05%,51.39%,73.38,0.00,23.42,0,0.0,0.0,11.25,0.31,0.0,12.19,0.94,0.0,45.94,36.31,60.12,0.8329586791441788,48.44
148560,QUANT ESG Equity Fund,Quant,Equity,Thematic,2.25%,155.95,https://www.moneycontrol.com/mutual-funds/quant-esg-equity-fund-regular-plan-/portfolio-overview/MES070,Not Rated,Anikt Pande|Vasav Sahgal|Sanjeev Sharma,2.46,-5.35,-1.43,,,,,,0.09,0.97,0.18,0.63,75.00,2020,2020-11-06,,1.0928996360842274,20.68,,,,20,41.21%,68.59%,37.08%,93.28,0.00,0.00,0,0.0,0.0,16.25,1.56,0.0,15.62,2.19,0.31,55.0,57.96,52.76,0.8628204942270589,55.31
148598,ICICI Prudential Quant Fund,ICICI Prudential,Equity,Thematic,1.24%,54.99,https://www.moneycontrol.com/mutual-funds/icici-prudential-quant-fund-regular-plan/portfolio-overview/MPI4490,Not Rated,Sharmila D’mello|Roshan Chutkey,2.36,-1.38,1.28,,,,,,0.04,0.88,0.07,0.76,50.00,2020,2020-12-14,,0.9775010847740759,4.09,,,,39,26.03%,42.52%,41.79%,95.45,0.00,0.00,0,0.0,0.0,7.81,0.0,0.0,9.69,0.31,0.0,47.81,22.93,74.85,0.9211686666802533,49.38
148610,HDFC Dividend Yield Fund,HDFC,Equity,Dividend Yield,1.91%,3038.45,https://www.moneycontrol.com/mutual-funds/hdfc-dividend-yield-fund-regular-plan/portfolio-overview/MHD3465,Not Rated,Priya Ranjan|Gopal Agrawal,2.35,-0.93,6.57,,,,,,0.06,0.81,0.09,0.81,100.00,2020,2020-12-18,,0.9467320387696838,11.18,,,,72,21.05%,38.52%,32.58%,97.30,0.00,0.00,0,0.0,0.0,13.12,0.0,0.0,12.5,0.62,0.0,52.19,42.04,63.8,0.9381783241190529,53.12
148617,UTI Small Cap Fund,UTI,Equity,Small Cap,2.3%,2341.67,https://www.moneycontrol.com/mutual-funds/uti-small-cap-fund-regular-plan-/portfolio-overview/MUT3609,Not Rated,Ankit Agarwal,2.33,-2.61,-2.3,,,,,,0.04,0.7,0.11,0.55,75.00,2020,2020-12-23,,1.1865937477483575,8.08,,,,79,11.51%,20.81%,18.03%,96.27,0.00,0.00,1,0.00,-,9.69,0.31,0.0,12.19,0.94,0.0,55.94,33.12,67.48,0.7916748972869421,50.62
148621,Mirae Asset Banking and Financial Services Fund,Mirae Asset,Equity,Sectorial-Banking,2.14%,1232.09,https://www.moneycontrol.com/mutual-funds/mirae-asset-banking-and-financial-services-fund-regular-plan/portfolio-overview/MMA209,Not Rated,Gaurav Kochar,2.36,-2.61,11.72,,,,,,0.01,1.09,0.01,0.83,75.00,2020,2020-12-14,,1.269845354026251,5.84,,,,27,61.46%,77.84%,76.97%,99.91,0.00,0.00,0,0.0,0.0,16.56,0.62,0.0,15.0,0.94,0.31,52.81,52.23,50.31,0.9191281063804939,51.25
148653,ICICI Prudential Business Cycle Fund,ICICI Prudential,Equity,Thematic,1.82%,6061.57,https://www.moneycontrol.com/mutual-funds/icici-prudential-business-cycle-fund-regular-plan-/portfolio-overview/MPI4498,Not Rated,Anish Tawakley|Lalit Kumar|Sharmila D’mello|Manish Banthia,2.26,-2.14,5.29,,,,,,0.05,0.77,0.08,0.85,66.67,2021,2021-01-19,,0.7222454689801037,10.63,,,,68,31.56%,44.72%,34.94%,83.46,0.00,5.97,2,0.02,0.07,9.69,0.0,0.0,8.75,0.31,0.0,48.44,35.03,72.39,0.9498880653194275,54.06
148657,PGIM India Balanced Advantage Fund,PGIM India,Hybrid,Balanced Advantage,2.09%,1387.46,https://www.moneycontrol.com/mutual-funds/pgim-india-balanced-advantage-fund-regular-plan/portfolio-overview/MDE1921,Not Rated,A. Anandha Padmanabhan|Vinay Paharia|Puneet Pal|Hitash Dang|Ojasvi Khicha,2.21,-0.34,1.76,,,,,,-0.03,0.46,0.02,0.75,100.00,2021,2021-02-08,,0.6950793641731856,3.97,,,,19,29.61%,49.1%,25.71%,70.38,0.00,0.00,27,0.41,7.53,4.38,0.0,0.0,6.88,0.0,0.0,46.88,16.56,84.66,0.8966458089750455,51.25
148701,Axis Greater China,Axis,Equity,FOF-Global China,1.54%,152.44,https://www.moneycontrol.com/mutual-funds/axis-greater-china-equity-fund-of-fund-regular-plan/portfolio-overview/MAA916,Not Rated,Vinayak Jayanath,2.18,-8.9,5.98,,,,,,-0.05,0.54,-0.18,0.11,33.33,2021,2021-02-16,,2.583378303510343,-14.94,,,,,,,,,,,,,,23.59,5.32,1.0,28.9,3.32,0.66,44.19,33.56,54.61,0.3411332383751803,44.19
148743,Kotak Nifty Next 50 Index Fund,Kotak,Index,Nifty Next 50,0.83%,95.49,https://www.moneycontrol.com/mutual-funds/kotak-nifty-next-50-index-fund-regular-plan/portfolio-overview/MKM1364,Not Rated,Satish Dondapati|Devender Singhal,2.1,-8.14,-10.13,,,,,,-0.01,0.93,-0.01,0.68,66.67,2021,2021-03-17,,1.178520247973952,2.38,,,,49,17.59%,32.6%,25.01%,99.32,0.00,0.00,0,0.0,0.0,15.94,0.31,0.0,15.62,1.56,0.31,54.06,45.22,54.6,0.8426681218139181,50.0
148884,Canara Robeco Focused Equity Fund,Canara Robeco,Equity,Focused,2.05%,1697.26,https://www.moneycontrol.com/mutual-funds/canara-robeco-focused-equity-fund-regular-plan/portfolio-overview/MCA323,Not Rated,Amit Kadam|Shridatta Bhandwaldar,1.93,-1.52,4.16,,,,,,0.02,0.89,0.03,0.91,66.67,2021,2021-05-18,,1.0879526500269172,,,,,29,36.57%,57.09%,39.56%,95.81,0.00,0.00,0,0.0,0.0,11.25,0.0,0.0,10.94,0.31,0.0,45.62,33.76,65.64,0.964253325259057,50.0
148901,HDFC Asset Allocator FoF,HDFC,Other,FOF-Asset Allocator,1.25%,2418.38,https://www.moneycontrol.com/mutual-funds/hdfc-asset-allocator-fund-of-funds-regular-plan/portfolio-overview/MHD3469,Not Rated,Srinivasan Ramamurty|Bhagyesh Kagalkar|Anil Bamboli,1.97,0.32,7.42,,,,,,-0.01,0.46,0.06,0.83,100.00,2021,2021-05-05,,0.4605493858777196,,,,,,,,,,,,,,,2.19,0.0,0.0,3.75,0.0,0.0,48.12,15.92,88.96,0.9337276724021366,53.12
148918,Aditya Birla Sun Life Multi-Cap Fund,Aditya Birla,Equity,Multi Cap,1.87%,3604.43,https://www.moneycontrol.com/mutual-funds/aditya-birla-sun-life-multi-cap-fund-regular-plan-/portfolio-overview/MBS3132,Not Rated,Dhaval Joshi|Harshil Survankar|Dhaval Shah,1.96,-1.46,-0.08,,,,,,-0.0,0.86,0.01,0.83,66.67,2021,2021-05-10,,1.0402397361285707,,,,,80,18.55%,28.95%,27.94%,98.72,0.00,0.00,0,0.0,0.0,10.94,0.31,0.0,11.88,0.62,0.0,52.5,34.39,63.8,0.9335373469611131,49.38
148929,Mirae FANG+ Fund of Funds,Mirae Asset,Equity,FOF-Global,0.73%,1331.7,https://www.moneycontrol.com/mutual-funds/mirae-asset-nyse-fang+-etf-regular-plan-/portfolio-overview/MMA216,Not Rated,Siddharth Srivastava,1.95,18.69,11.42,,,,,,0.0,0.94,0.01,0.23,66.67,2021,2021-05-11,,2.550721263838028,,,,,,,,,,,,,,,31.72,5.5,1.62,30.74,8.74,0.32,50.49,53.95,49.04,0.5280984775473266,51.46
148943,SBI Nifty Next 50 Index Fund,SBI,Index,Nifty Next 50,0.84%,436.73,https://www.moneycontrol.com/mutual-funds/sbi-nifty-next-50-index-fund-rp-/portfolio-overview/MSB1740,Not Rated,Raviprakash Sharma,1.91,-8.12,-10.6,,,,,,-0.03,0.96,-0.04,0.69,66.67,2021,2021-05-26,,1.1901543519424191,,,,,50,17.68%,32.76%,25.14%,99.99,0.00,0.00,0,0.0,0.0,16.25,0.31,0.0,15.62,1.56,0.31,53.75,45.22,53.99,0.842542341281633,49.69
148948,Tata Dividend Yield Fund,Tata,Equity,Dividend Yield,2.39%,468.16,https://www.moneycontrol.com/mutual-funds/tata-dividend-yield-fund-regular-plan/portfolio-overview/MTA1371,Not Rated,Arvindkumar K. Chetty|Murthy Nagarajan|Sailesh Jain,1.91,-1.15,0.39,,,,,,0.0,0.88,0.01,0.77,66.67,2021,2021-05-27,,1.1525236006186947,,,,,50,23.94%,40.8%,35.75%,97.69,1.09,0.00,0,0.0,0.0,11.56,0.31,0.0,14.38,0.62,0.0,54.38,40.13,57.67,0.8982799642503186,49.06
148974,Kotak Nifty 50 Index Fund,Kotak,Index,Nifty 50,0.51%,270.65,https://www.moneycontrol.com/mutual-funds/kotak-nifty-50-index-fund-regular-plan/portfolio-overview/MKM1380,Not Rated,Abhishek Bisen|Satish Dondapati|Devender Singhal,1.83,-2.77,3.25,,,,,,0.1,0.99,0.01,1.0,66.67,2021,2021-06-24,,0.9652562684136505,,,,,50,40.48%,59.02%,49.41%,99.71,0.00,0.00,0,0.0,0.0,14.06,0.31,0.0,13.12,0.31,0.0,48.75,29.3,62.58,0.9998313368436453,46.25
148987,HDFC Banking and Financial Services Fund,HDFC,Equity,Sectorial-Banking,1.92%,2521.63,https://www.moneycontrol.com/mutual-funds/hdfc-banking-financial-services-fund-regular-plan/portfolio-overview/MHD3473,Not Rated,Priya Ranjan|Anand Laddha,1.81,-2.19,13.25,,,,,,0.01,1.05,0.01,0.82,66.67,2021,2021-07-01,,1.3085960221271005,,,,,27,66.27%,77.88%,77.3%,99.31,0.00,0.00,0,0.0,0.0,17.19,0.62,0.0,15.0,0.94,0.31,53.75,55.41,49.69,0.9207470340681704,52.5
148989,ICICI Prudential Flexi Cap Fund,ICICI Prudential,Equity,Flexi Cap,1.74%,10790.95,https://www.moneycontrol.com/mutual-funds/icici-prudential-flexicap-fund-regular-plan/portfolio-overview/MPI4504,Not Rated,Sharmila D’mello|Rajat Chandak,1.76,-1.57,6.02,,,,,,-0.01,0.82,0.01,0.9,66.67,2021,2021-07-19,,0.7482215107268002,,,,,54,40.58%,58.66%,38.9%,97.67,0.00,0.00,1,0.02,0.07,12.19,0.0,0.0,10.94,0.31,0.0,48.12,35.03,68.1,0.9531675219057874,51.88
148992,Axis Quant Fund,Axis,Equity,Thematic,2.11%,951.87,https://www.moneycontrol.com/mutual-funds/axis-quant-fund-regular-plan/portfolio-overview/MAA926,Not Rated,Hitesh Das|Ashish Naik,1.8,0.46,2.16,,,,,,-0.03,0.88,-0.02,0.84,66.67,2021,2021-07-07,,1.1818148360998113,,,,,40,31.3%,50.4%,34.77%,96.82,0.00,0.00,0,0.0,0.0,11.56,0.0,0.0,13.75,0.62,0.0,50.0,37.58,64.42,0.9203257341990644,51.25
149020,PGIM India Small Cap,PGIM India,Equity,Small Cap,2.07%,2015.55,https://www.moneycontrol.com/mutual-funds/pgim-india-small-cap-fund-regular-plan/portfolio-overview/MPA1921,Not Rated,A. Anandha Padmanabhan|Vinay Paharia|Puneet Pal|Ojasvi Khicha,1.73,-4.77,-8.54,,,,,,-0.02,0.85,-0.03,0.53,33.33,2021,2021-08-02,,1.4641362600155878,,,,,47,24.37%,38.61%,22.69%,90.13,0.00,0.00,1,0.00,-,15.62,0.31,0.0,14.38,1.56,0.31,51.25,35.67,63.8,0.754576161180614,50.0
149088,Canara Robeco Value Fund,Canara Robeco,Equity,Value,2.31%,770.41,https://www.moneycontrol.com/mutual-funds/canara-robeco-value-fund-regular-plan/portfolio-overview/MCA327,Not Rated,Silky Jain|Vishal Mishra,1.63,-0.7,10.02,,,,,,0.08,0.91,0.08,0.88,66.67,2021,2021-09-06,,0.7841683506933628,,,,,44,32.23%,50.57%,36.87%,97.49,0.00,0.00,0,0.0,0.0,12.19,0.0,0.0,11.56,0.94,0.0,50.31,40.76,68.1,0.9497446541980953,54.69
149089,Nippon India Flexi Cap Fund,Nippon India,Equity,Flexi Cap,1.91%,4017.83,https://www.moneycontrol.com/mutual-funds/nippon-india-flexi-cap-fund-regular-plan/portfolio-overview/MRC2887,Not Rated,Kinjal Desai|Nikhil Rungta|Meenakshi Dawar|Dhrumil Shah|Akshay Sharma,1.68,-2.0,-1.94,,,,,,-0.0,0.97,-0.0,0.87,66.67,2021,2021-08-18,,1.1199073567829234,,,,,77,26.77%,40.68%,32.51%,94.76,0.00,0.00,0,0.0,0.0,13.44,0.31,0.0,12.81,1.25,0.0,52.5,45.86,57.06,0.939466801088892,51.56
149132,SBI Balanced Advantage Fund,SBI,Hybrid,Balanced Advantage,1.65%,21602.14,https://www.moneycontrol.com/mutual-funds/sbi-balanced-advantage-fund-regular-plan/portfolio-overview/MSB1769,Not Rated,Dinesh Ahuja|Dinesh Balachandran|Mohit Jain,1.63,1.15,6.5,,,,,,0.03,0.36,0.05,0.88,100.00,2021,2021-09-07,,0.37724877304667304,,,,,72,19.18%,31.25%,23.86%,67.41,0.00,0.99,16,4.65,7.49,0.94,0.0,0.0,1.88,0.0,0.0,51.56,6.37,93.87,0.9474411235608541,50.94
149167,Axis Value Fund,Axis,Equity,Value,2.46%,253.08,https://www.moneycontrol.com/mutual-funds/axis-value-fund-regular-plan/portfolio-overview/MAA941,Not Rated,Jinesh Gopani|Vinayak Jayanath,1.57,-1.63,3.95,,,,,,0.02,0.93,0.02,0.8,100.00,2021,2021-09-28,,1.2093734351158432,,,,,32,31.57%,53.07%,32.21%,94.36,0.00,0.00,0,0.0,0.0,14.38,0.0,0.0,13.75,1.56,0.0,51.56,45.22,55.21,0.9143600848608695,50.31
149182,Kotak Multicap Fund,Kotak,Equity,Multi Cap,1.83%,3913.93,https://www.moneycontrol.com/mutual-funds/kotak-multicap-fund-regular-plan/portfolio-overview/MKM1397,Not Rated,Harsha Upadhyaya,1.55,-2.14,6.98,,,,,,0.03,0.88,0.03,0.78,33.33,2021,2021-10-06,,1.0285057425098092,,,,,60,21.82%,35.33%,23.07%,97.47,0.00,0.00,0,0.0,0.0,13.12,0.0,0.0,13.12,0.94,0.31,53.75,43.31,61.96,0.8915735095410476,52.81
149287,HDFC Nifty Next 50 Index Fund,HDFC,Index,Nifty Next 50,0.8%,345.06,https://www.moneycontrol.com/mutual-funds/hdfc-nifty-next-50-index-fund-regular-plan/portfolio-overview/MHD3483,Not Rated,Nirman Morakhia|Arun Agarwal,1.47,-8.11,-10.68,,,,,,-0.04,0.97,-0.06,0.72,33.33,2021,2021-11-03,,1.1683255537054693,,,,,50,17.61%,32.64%,25.03%,99.75,0.00,0.00,0,0.0,0.0,15.94,0.31,0.0,15.62,1.56,0.31,53.75,44.59,53.99,0.8424859925431528,49.38
149328,Nippon India Taiwan Equity Fund,Nippon India,Equity,Global,2.39%,550.04,https://www.moneycontrol.com/mutual-funds/nippon-india-taiwan-equity-fund-regular-plan/portfolio-holdings/MRC2903,Not Rated,Kinjal Desai|Akshay Sharma,1.36,10.01,-6.78,,,,,,-0.04,0.75,-0.18,0.17,66.67,2021,2021-12-14,,2.641715727693802,,,,,44,27.24%,42.91%,%,0.00,0.00,93.87,0,0.0,0.0,28.52,4.03,0.34,26.51,8.39,1.01,50.34,42.18,53.64,0.38910387204410823,47.99
149337,Quant Value Fund,Quant,Equity,Value,2.25%,605.94,https://www.moneycontrol.com/mutual-funds/quant-value-fund-regular-plan/portfolio-overview/MES078,Not Rated,Anikt Pande|Sandeep Tandon|Vasav Sahgal|Sanjeev Sharma,1.39,-4.65,0.56,,,,,,0.03,1.07,0.07,0.6,66.67,2021,2021-12-01,,1.3048135366296156,,,,,32,37.85%,56.61%,35.99%,93.01,0.00,0.00,0,0.0,0.0,18.75,1.56,0.0,17.5,3.12,0.62,57.5,52.87,54.6,0.7773448496846908,53.75
149366,HDFC Multi Cap Fund,HDFC,Equity,Multi Cap,1.79%,5885.48,https://www.moneycontrol.com/mutual-funds/hdfc-multi-cap-fund-regular-plan/portfolio-overview/MHD3485,Not Rated,Priya Ranjan|Gopal Agrawal,1.37,0.12,10.17,,,,,,0.06,0.89,0.07,0.85,100.00,2021,2021-12-10,,0.9986863824173844,,,,,139,15.85%,24.84%,27.01%,99.67,0.00,0.00,0,0.0,0.0,11.88,0.31,0.0,11.88,0.62,0.0,54.69,41.4,65.03,0.9204290343450218,53.44
149371,Axis Nifty 50 Index Fund,Axis,Index,Nifty 50,0.42%,233.35,https://www.moneycontrol.com/mutual-funds/axis-nifty-50-index-fund-regular-plan/portfolio-overview/MAA947,Not Rated,Jinesh Gopani,1.38,-2.68,3.39,,,,,,0.08,0.98,0.01,1.0,33.33,2021,2021-12-08,,0.9240144315620221,,,,,50,40.6%,59.2%,49.49%,99.65,0.00,0.00,0,0.0,0.0,14.06,0.0,0.0,12.81,0.31,0.0,49.06,17.2,74.85,0.9997492625786534,46.56
149382,Axis Multicap Fund,Axis,Equity,Multi Cap,1.84%,4221.24,https://www.moneycontrol.com/mutual-funds/axis-multicap-fund-regular-plan-/portfolio-overview/MAA959,Not Rated,Sachin Jain|Shreyash Devalkar|Anupam Tiwari,1.33,-1.23,1.79,,,,,,-0.07,0.75,-0.06,0.82,33.33,2021,2021-12-23,,1.0376346853968461,,,,,60,23.17%,39.48%,36.29%,96.73,0.00,0.00,0,0.0,0.0,9.38,0.0,0.0,11.25,0.0,0.0,50.62,34.39,63.8,0.9068687096772262,49.38
149467,Axis Nifty Next 50 Index Fund,Axis,Index,Nifty Next 50,0.83%,77.2,https://www.moneycontrol.com/mutual-funds/axis-nifty-next-50-index-fund-regular-plan-/portfolio-overview/MAA960,Not Rated,Jinesh Gopani,1.22,-8.25,-10.24,,,,,,-0.04,0.96,-0.07,0.71,50.00,2022,2022-02-02,,1.1060196770068762,,,,,49,17.68%,32.76%,25.15%,99.74,0.00,0.00,0,0.0,0.0,15.38,0.33,0.0,15.05,1.34,0.33,53.18,44.83,54.55,0.8398829711618022,49.83
149859,ICICI Prudential Nifty Bank Index Fund,ICICI Prudential,Equity,Bank Nifty Index,1%,154.45,https://www.moneycontrol.com/mutual-funds/icici-prudential-nifty-bank-index-fund-regular-plan/portfolio-holdings/MPI4568,Not Rated,Kayzad Eghlim,1.14,-1.65,16.11,,,,,,0.08,1.07,0.11,0.76,50.00,2022,2022-03-03,,0.887764623293555,,,,,12,82.03%,97.43%,99.94%,99.93,0.00,0.00,0,0.0,0.0,17.92,0.72,0.0,15.05,1.43,0.0,55.91,50.36,49.29,0.8735043620702347,49.82
149886,SBI Multicap Fund,SBI,Equity,Multi Cap,1.74%,11535.8,https://www.moneycontrol.com/mutual-funds/sbi-multicap-fund-regular-plan/portfolio-overview/MSB1829,Not Rated,Rama Iyer Srinivisan|Mohit Jain,1.11,-1.65,1.07,,,,,,-0.01,0.64,-0.0,0.64,50.00,2022,2022-03-15,,0.7469695284042711,,,,,34,24.87%,41.28%,23.34%,89.76,0.00,0.00,2,0.00,-,8.86,0.0,0.0,8.49,0.0,0.0,52.4,32.84,73.72,0.8002352706087437,53.51
